Workbook
Name Latest_7days: #REF!
Name BE_Antwerpen__DEPPROD: #REF!

Sheet Graphs
C1: World export prices FOB
C2: Update: | E2: =Data!$A$4+1 -> 45967
C4: Wheat - EU Rouen (grade 1) | E4: Wheat - US Gulf (HRW) | G4: Wheat - Ukraine (milling) | I4: Select price from here (drop-down list) | K4: Select price from here (drop-down list) | O4: Maize - US Gulf (3YC) | Q4: Maize - EU Bordeaux | S4: Maize - Black Sea (feed) | U4: Select price from here (drop-down list) | W4: Select price from here (drop-down list) | CL4: =C4 -> Wheat - EU Rouen (grade 1) | CM4: =E4 -> Wheat - US Gulf (HRW) | CN4: =G4 -> Wheat - Ukraine (milling) | CO4: =I4 -> Select price from here (drop-down list) | CP4: =K4 -> Select price from here (drop-down list) | CR4: =O4 -> Maize - US Gulf (3YC) | CS4: =Q4 -> Maize - EU Bordeaux | CT4: =S4 -> Maize - Black Sea (feed) | CU4: =U4 -> Select price from here (drop-down list) | CV4: =W4 -> Select price from here (drop-down list)
CK5: =Data!A4 -> 45966 | CL5: {=IF(INDEX(Data!$B$4:$L$947,MATCH(Graphs!$CK5,Data!$A$4:$A$947,0),MATCH(Graphs!CL$4,Data!$B$3:$L$3,0))="n.q.",NA(),INDEX(Data!$B$4:$L$947,MATCH(Graphs!$CK5,Data!$A$4:$A$947,0),MATCH(Graphs!CL$4,Data!$B$3:$L$3,0)))} -> 231.41 | CM5: {=IF(INDEX(Data!$B$4:$L$947,MATCH(Graphs!$CK5,Data!$A$4:$A$947,0),MATCH(Graphs!CM$4,Data!$B$3:$L$3,0))="n.q.",NA(),INDEX(Data!$B$4:$L$947,MATCH(Graphs!$CK5,Data!$A$4:$A$947,0),MATCH(Graphs!CM$4,Data!$B$3:$L$3,0)))} -> 249.86 | CN5: {=IF(INDEX(Data!$B$4:$L$947,MATCH(Graphs!$CK5,Data!$A$4:$A$947,0),MATCH(Graphs!CN$4,Data!$B$3:$L$3,0))="n.q.",NA(),INDEX(Data!$B$4:$L$947,MATCH(Graphs!$CK5,Data!$A$4:$A$947,0),MATCH(Graphs!CN$4,Data!$B$3:$L$3,0)))} -> 220 | CO5: {=IF(INDEX(Data!$B$4:$L$947,MATCH(Graphs!$CK5,Data!$A$4:$A$947,0),MATCH(Graphs!CO$4,Data!$B$3:$L$3,0))="n.q.",NA(),INDEX(Data!$B$4:$L$947,MATCH(Graphs!$CK5,Data!$A$4:$A$947,0),MATCH(Graphs!CO$4,Data!$B$3:$L$3,0)))} -> #N/A | CP5: {=IF(INDEX(Data!$B$4:$L$947,MATCH(Graphs!$CK5,Data!$A$4:$A$947,0),MATCH(Graphs!CP$4,Data!$B$3:$L$3,0))="n.q.",NA(),INDEX(Data!$B$4:$L$947,MATCH(Graphs!$CK5,Data!$A$4:$A$947,0),MATCH(Graphs!CP$4,Data!$B$3:$L$3,0)))} -> #N/A | CR5: {=IF(INDEX(Data!$P$4:$Z$947,MATCH(Graphs!$CK5,Data!$A$4:$A$947,0),MATCH(Graphs!CR$4,Data!$P$3:$Z$3,0))="n.q.",NA(),INDEX(Data!$P$4:$Z$947,MATCH(Graphs!$CK5,Data!$A$4:$A$947,0),MATCH(Graphs!CR$4,Data!$P$3:$Z$3,0)))} -> 181.17718 | CS5: {=IF(INDEX(Data!$P$4:$Z$947,MATCH(Graphs!$CK5,Data!$A$4:$A$947,0),MATCH(Graphs!CS$4,Data!$P$3:$Z$3,0))="n.q.",NA(),INDEX(Data!$P$4:$Z$947,MATCH(Graphs!$CK5,Data!$A$4:$A$947,0),MATCH(Graphs!CS$4,Data!$P$3:$Z$3,0)))} -> #N/A | CT5: {=IF(INDEX(Data!$P$4:$Z$947,MATCH(Graphs!$CK5,Data!$A$4:$A$947,0),MATCH(Graphs!CT$4,Data!$P$3:$Z$3,0))="n.q.",NA(),INDEX(Data!$P$4:$Z$947,MATCH(Graphs!$CK5,Data!$A$4:$A$947,0),MATCH(Graphs!CT$4,Data!$P$3:$Z$3,0)))} -> 188.14188 | CU5: {=IF(INDEX(Data!$P$4:$Z$947,MATCH(Graphs!$CK5,Data!$A$4:$A$947,0),MATCH(Graphs!CU$4,Data!$P$3:$Z$3,0))="n.q.",NA(),INDEX(Data!$P$4:$Z$947,MATCH(Graphs!$CK5,Data!$A$4:$A$947,0),MATCH(Graphs!CU$4,Data!$P$3:$Z$3,0)))} -> #N/A | CV5: {=IF(INDEX(Data!$P$4:$Z$947,MATCH(Graphs!$CK5,Data!$A$4:$A$947,0),MATCH(Graphs!CV$4,Data!$P$3:$Z$3,0))="n.q.",NA(),INDEX(Data!$P$4:$Z$947,MATCH(Graphs!$CK5,Data!$A$4:$A$947,0),MATCH(Graphs!CV$4,Data!$P$3:$Z$3,0)))} -> #N/A
CK6: =Data!A5 -> 45959 | CL6: {=IF(INDEX(Data!$B$4:$L$947,MATCH(Graphs!$CK6,Data!$A$4:$A$947,0),MATCH(Graphs!CL$4,Data!$B$3:$L$3,0))="n.q.",NA(),INDEX(Data!$B$4:$L$947,MATCH(Graphs!$CK6,Data!$A$4:$A$947,0),MATCH(Graphs!CL$4,Data!$B$3:$L$3,0)))} -> 230.31 | CM6: {=IF(INDEX(Data!$B$4:$L$947,MATCH(Graphs!$CK6,Data!$A$4:$A$947,0),MATCH(Graphs!CM$4,Data!$B$3:$L$3,0))="n.q.",NA(),INDEX(Data!$B$4:$L$947,MATCH(Graphs!$CK6,Data!$A$4:$A$947,0),MATCH(Graphs!CM$4,Data!$B$3:$L$3,0)))} -> 241.68 | CN6: {=IF(INDEX(Data!$B$4:$L$947,MATCH(Graphs!$CK6,Data!$A$4:$A$947,0),MATCH(Graphs!CN$4,Data!$B$3:$L$3,0))="n.q.",NA(),INDEX(Data!$B$4:$L$947,MATCH(Graphs!$CK6,Data!$A$4:$A$947,0),MATCH(Graphs!CN$4,Data!$B$3:$L$3,0)))} -> 219 | CO6: {=IF(INDEX(Data!$B$4:$L$947,MATCH(Graphs!$CK6,Data!$A$4:$A$947,0),MATCH(Graphs!CO$4,Data!$B$3:$L$3,0))="n.q.",NA(),INDEX(Data!$B$4:$L$947,MATCH(Graphs!$CK6,Data!$A$4:$A$947,0),MATCH(Graphs!CO$4,Data!$B$3:$L$3,0)))} -> #N/A | CP6: {=IF(INDEX(Data!$B$4:$L$947,MATCH(Graphs!$CK6,Data!$A$4:$A$947,0),MATCH(Graphs!CP$4,Data!$B$3:$L$3,0))="n.q.",NA(),INDEX(Data!$B$4:$L$947,MATCH(Graphs!$CK6,Data!$A$4:$A$947,0),MATCH(Graphs!CP$4,Data!$B$3:$L$3,0)))} -> #N/A | CR6: {=IF(INDEX(Data!$P$4:$Z$947,MATCH(Graphs!$CK6,Data!$A$4:$A$947,0),MATCH(Graphs!CR$4,Data!$P$3:$Z$3,0))="n.q.",NA(),INDEX(Data!$P$4:$Z$947,MATCH(Graphs!$CK6,Data!$A$4:$A$947,0),MATCH(Graphs!CR$4,Data!$P$3:$Z$3,0)))} -> 178.51489 | CS6: {=IF(INDEX(Data!$P$4:$Z$947,MATCH(Graphs!$CK6,Data!$A$4:$A$947,0),MATCH(Graphs!CS$4,Data!$P$3:$Z$3,0))="n.q.",NA(),INDEX(Data!$P$4:$Z$947,MATCH(Graphs!$CK6,Data!$A$4:$A$947,0),MATCH(Graphs!CS$4,Data!$P$3:$Z$3,0)))} -> #N/A | CT6: {=IF(INDEX(Data!$P$4:$Z$947,MATCH(Graphs!$CK6,Data!$A$4:$A$947,0),MATCH(Graphs!CT$4,Data!$P$3:$Z$3,0))="n.q.",NA(),INDEX(Data!$P$4:$Z$947,MATCH(Graphs!$CK6,Data!$A$4:$A$947,0),MATCH(Graphs!CT$4,Data!$P$3:$Z$3,0)))} -> 184.99398 | CU6: {=IF(INDEX(Data!$P$4:$Z$947,MATCH(Graphs!$CK6,Data!$A$4:$A$947,0),MATCH(Graphs!CU$4,Data!$P$3:$Z$3,0))="n.q.",NA(),INDEX(Data!$P$4:$Z$947,MATCH(Graphs!$CK6,Data!$A$4:$A$947,0),MATCH(Graphs!CU$4,Data!$P$3:$Z$3,0)))} -> #N/A | CV6: {=IF(INDEX(Data!$P$4:$Z$947,MATCH(Graphs!$CK6,Data!$A$4:$A$947,0),MATCH(Graphs!CV$4,Data!$P$3:$Z$3,0))="n.q.",NA(),INDEX(Data!$P$4:$Z$947,MATCH(Graphs!$CK6,Data!$A$4:$A$947,0),MATCH(Graphs!CV$4,Data!$P$3:$Z$3,0)))} -> #N/A
CK7: =Data!A6 -> 45952 | CL7: {=IF(INDEX(Data!$B$4:$L$947,MATCH(Graphs!$CK7,Data!$A$4:$A$947,0),MATCH(Graphs!CL$4,Data!$B$3:$L$3,0))="n.q.",NA(),INDEX(Data!$B$4:$L$947,MATCH(Graphs!$CK7,Data!$A$4:$A$947,0),MATCH(Graphs!CL$4,Data!$B$3:$L$3,0)))} -> 227.1 | CM7: {=IF(INDEX(Data!$B$4:$L$947,MATCH(Graphs!$CK7,Data!$A$4:$A$947,0),MATCH(Graphs!CM$4,Data!$B$3:$L$3,0))="n.q.",NA(),INDEX(Data!$B$4:$L$947,MATCH(Graphs!$CK7,Data!$A$4:$A$947,0),MATCH(Graphs!CM$4,Data!$B$3:$L$3,0)))} -> 227.26 | CN7: {=IF(INDEX(Data!$B$4:$L$947,MATCH(Graphs!$CK7,Data!$A$4:$A$947,0),MATCH(Graphs!CN$4,Data!$B$3:$L$3,0))="n.q.",NA(),INDEX(Data!$B$4:$L$947,MATCH(Graphs!$CK7,Data!$A$4:$A$947,0),MATCH(Graphs!CN$4,Data!$B$3:$L$3,0)))} -> 219 | CO7: {=IF(INDEX(Data!$B$4:$L$947,MATCH(Graphs!$CK7,Data!$A$4:$A$947,0),MATCH(Graphs!CO$4,Data!$B$3:$L$3,0))="n.q.",NA(),INDEX(Data!$B$4:$L$947,MATCH(Graphs!$CK7,Data!$A$4:$A$947,0),MATCH(Graphs!CO$4,Data!$B$3:$L$3,0)))} -> #N/A | CP7: {=IF(INDEX(Data!$B$4:$L$947,MATCH(Graphs!$CK7,Data!$A$4:$A$947,0),MATCH(Graphs!CP$4,Data!$B$3:$L$3,0))="n.q.",NA(),INDEX(Data!$B$4:$L$947,MATCH(Graphs!$CK7,Data!$A$4:$A$947,0),MATCH(Graphs!CP$4,Data!$B$3:$L$3,0)))} -> #N/A | CR7: {=IF(INDEX(Data!$P$4:$Z$947,MATCH(Graphs!$CK7,Data!$A$4:$A$947,0),MATCH(Graphs!CR$4,Data!$P$3:$Z$3,0))="n.q.",NA(),INDEX(Data!$P$4:$Z$947,MATCH(Graphs!$CK7,Data!$A$4:$A$947,0),MATCH(Graphs!CR$4,Data!$P$3:$Z$3,0)))} -> #N/A | CS7: {=IF(INDEX(Data!$P$4:$Z$947,MATCH(Graphs!$CK7,Data!$A$4:$A$947,0),MATCH(Graphs!CS$4,Data!$P$3:$Z$3,0))="n.q.",NA(),INDEX(Data!$P$4:$Z$947,MATCH(Graphs!$CK7,Data!$A$4:$A$947,0),MATCH(Graphs!CS$4,Data!$P$3:$Z$3,0)))} -> #N/A | CT7: {=IF(INDEX(Data!$P$4:$Z$947,MATCH(Graphs!$CK7,Data!$A$4:$A$947,0),MATCH(Graphs!CT$4,Data!$P$3:$Z$3,0))="n.q.",NA(),INDEX(Data!$P$4:$Z$947,MATCH(Graphs!$CK7,Data!$A$4:$A$947,0),MATCH(Graphs!CT$4,Data!$P$3:$Z$3,0)))} -> #N/A | CU7: {=IF(INDEX(Data!$P$4:$Z$947,MATCH(Graphs!$CK7,Data!$A$4:$A$947,0),MATCH(Graphs!CU$4,Data!$P$3:$Z$3,0))="n.q.",NA(),INDEX(Data!$P$4:$Z$947,MATCH(Graphs!$CK7,Data!$A$4:$A$947,0),MATCH(Graphs!CU$4,Data!$P$3:$Z$3,0)))} -> #N/A | CV7: {=IF(INDEX(Data!$P$4:$Z$947,MATCH(Graphs!$CK7,Data!$A$4:$A$947,0),MATCH(Graphs!CV$4,Data!$P$3:$Z$3,0))="n.q.",NA(),INDEX(Data!$P$4:$Z$947,MATCH(Graphs!$CK7,Data!$A$4:$A$947,0),MATCH(Graphs!CV$4,Data!$P$3:$Z$3,0)))} -> #N/A
CK8: =Data!A7 -> 45945 | CL8: {=IF(INDEX(Data!$B$4:$L$947,MATCH(Graphs!$CK8,Data!$A$4:$A$947,0),MATCH(Graphs!CL$4,Data!$B$3:$L$3,0))="n.q.",NA(),INDEX(Data!$B$4:$L$947,MATCH(Graphs!$CK8,Data!$A$4:$A$947,0),MATCH(Graphs!CL$4,Data!$B$3:$L$3,0)))} -> 226.42 | CM8: {=IF(INDEX(Data!$B$4:$L$947,MATCH(Graphs!$CK8,Data!$A$4:$A$947,0),MATCH(Graphs!CM$4,Data!$B$3:$L$3,0))="n.q.",NA(),INDEX(Data!$B$4:$L$947,MATCH(Graphs!$CK8,Data!$A$4:$A$947,0),MATCH(Graphs!CM$4,Data!$B$3:$L$3,0)))} -> 227.17 | CN8: {=IF(INDEX(Data!$B$4:$L$947,MATCH(Graphs!$CK8,Data!$A$4:$A$947,0),MATCH(Graphs!CN$4,Data!$B$3:$L$3,0))="n.q.",NA(),INDEX(Data!$B$4:$L$947,MATCH(Graphs!$CK8,Data!$A$4:$A$947,0),MATCH(Graphs!CN$4,Data!$B$3:$L$3,0)))} -> 219 | CO8: {=IF(INDEX(Data!$B$4:$L$947,MATCH(Graphs!$CK8,Data!$A$4:$A$947,0),MATCH(Graphs!CO$4,Data!$B$3:$L$3,0))="n.q.",NA(),INDEX(Data!$B$4:$L$947,MATCH(Graphs!$CK8,Data!$A$4:$A$947,0),MATCH(Graphs!CO$4,Data!$B$3:$L$3,0)))} -> #N/A | CP8: {=IF(INDEX(Data!$B$4:$L$947,MATCH(Graphs!$CK8,Data!$A$4:$A$947,0),MATCH(Graphs!CP$4,Data!$B$3:$L$3,0))="n.q.",NA(),INDEX(Data!$B$4:$L$947,MATCH(Graphs!$CK8,Data!$A$4:$A$947,0),MATCH(Graphs!CP$4,Data!$B$3:$L$3,0)))} -> #N/A | CR8: {=IF(INDEX(Data!$P$4:$Z$947,MATCH(Graphs!$CK8,Data!$A$4:$A$947,0),MATCH(Graphs!CR$4,Data!$P$3:$Z$3,0))="n.q.",NA(),INDEX(Data!$P$4:$Z$947,MATCH(Graphs!$CK8,Data!$A$4:$A$947,0),MATCH(Graphs!CR$4,Data!$P$3:$Z$3,0)))} -> #N/A | CS8: {=IF(INDEX(Data!$P$4:$Z$947,MATCH(Graphs!$CK8,Data!$A$4:$A$947,0),MATCH(Graphs!CS$4,Data!$P$3:$Z$3,0))="n.q.",NA(),INDEX(Data!$P$4:$Z$947,MATCH(Graphs!$CK8,Data!$A$4:$A$947,0),MATCH(Graphs!CS$4,Data!$P$3:$Z$3,0)))} -> #N/A | CT8: {=IF(INDEX(Data!$P$4:$Z$947,MATCH(Graphs!$CK8,Data!$A$4:$A$947,0),MATCH(Graphs!CT$4,Data!$P$3:$Z$3,0))="n.q.",NA(),INDEX(Data!$P$4:$Z$947,MATCH(Graphs!$CK8,Data!$A$4:$A$947,0),MATCH(Graphs!CT$4,Data!$P$3:$Z$3,0)))} -> #N/A | CU8: {=IF(INDEX(Data!$P$4:$Z$947,MATCH(Graphs!$CK8,Data!$A$4:$A$947,0),MATCH(Graphs!CU$4,Data!$P$3:$Z$3,0))="n.q.",NA(),INDEX(Data!$P$4:$Z$947,MATCH(Graphs!$CK8,Data!$A$4:$A$947,0),MATCH(Graphs!CU$4,Data!$P$3:$Z$3,0)))} -> #N/A | CV8: {=IF(INDEX(Data!$P$4:$Z$947,MATCH(Graphs!$CK8,Data!$A$4:$A$947,0),MATCH(Graphs!CV$4,Data!$P$3:$Z$3,0))="n.q.",NA(),INDEX(Data!$P$4:$Z$947,MATCH(Graphs!$CK8,Data!$A$4:$A$947,0),MATCH(Graphs!CV$4,Data!$P$3:$Z$3,0)))} -> #N/A
CK9: =Data!A8 -> 45938 | CL9: {=IF(INDEX(Data!$B$4:$L$947,MATCH(Graphs!$CK9,Data!$A$4:$A$947,0),MATCH(Graphs!CL$4,Data!$B$3:$L$3,0))="n.q.",NA(),INDEX(Data!$B$4:$L$947,MATCH(Graphs!$CK9,Data!$A$4:$A$947,0),MATCH(Graphs!CL$4,Data!$B$3:$L$3,0)))} -> 224.68 | CM9: {=IF(INDEX(Data!$B$4:$L$947,MATCH(Graphs!$CK9,Data!$A$4:$A$947,0),MATCH(Graphs!CM$4,Data!$B$3:$L$3,0))="n.q.",NA(),INDEX(Data!$B$4:$L$947,MATCH(Graphs!$CK9,Data!$A$4:$A$947,0),MATCH(Graphs!CM$4,Data!$B$3:$L$3,0)))} -> 229.01 | CN9: {=IF(INDEX(Data!$B$4:$L$947,MATCH(Graphs!$CK9,Data!$A$4:$A$947,0),MATCH(Graphs!CN$4,Data!$B$3:$L$3,0))="n.q.",NA(),INDEX(Data!$B$4:$L$947,MATCH(Graphs!$CK9,Data!$A$4:$A$947,0),MATCH(Graphs!CN$4,Data!$B$3:$L$3,0)))} -> 217 | CO9: {=IF(INDEX(Data!$B$4:$L$947,MATCH(Graphs!$CK9,Data!$A$4:$A$947,0),MATCH(Graphs!CO$4,Data!$B$3:$L$3,0))="n.q.",NA(),INDEX(Data!$B$4:$L$947,MATCH(Graphs!$CK9,Data!$A$4:$A$947,0),MATCH(Graphs!CO$4,Data!$B$3:$L$3,0)))} -> #N/A | CP9: {=IF(INDEX(Data!$B$4:$L$947,MATCH(Graphs!$CK9,Data!$A$4:$A$947,0),MATCH(Graphs!CP$4,Data!$B$3:$L$3,0))="n.q.",NA(),INDEX(Data!$B$4:$L$947,MATCH(Graphs!$CK9,Data!$A$4:$A$947,0),MATCH(Graphs!CP$4,Data!$B$3:$L$3,0)))} -> #N/A | CR9: {=IF(INDEX(Data!$P$4:$Z$947,MATCH(Graphs!$CK9,Data!$A$4:$A$947,0),MATCH(Graphs!CR$4,Data!$P$3:$Z$3,0))="n.q.",NA(),INDEX(Data!$P$4:$Z$947,MATCH(Graphs!$CK9,Data!$A$4:$A$947,0),MATCH(Graphs!CR$4,Data!$P$3:$Z$3,0)))} -> 173.69915 | CS9: {=IF(INDEX(Data!$P$4:$Z$947,MATCH(Graphs!$CK9,Data!$A$4:$A$947,0),MATCH(Graphs!CS$4,Data!$P$3:$Z$3,0))="n.q.",NA(),INDEX(Data!$P$4:$Z$947,MATCH(Graphs!$CK9,Data!$A$4:$A$947,0),MATCH(Graphs!CS$4,Data!$P$3:$Z$3,0)))} -> #N/A | CT9: {=IF(INDEX(Data!$P$4:$Z$947,MATCH(Graphs!$CK9,Data!$A$4:$A$947,0),MATCH(Graphs!CT$4,Data!$P$3:$Z$3,0))="n.q.",NA(),INDEX(Data!$P$4:$Z$947,MATCH(Graphs!$CK9,Data!$A$4:$A$947,0),MATCH(Graphs!CT$4,Data!$P$3:$Z$3,0)))} -> 184.05436 | CU9: {=IF(INDEX(Data!$P$4:$Z$947,MATCH(Graphs!$CK9,Data!$A$4:$A$947,0),MATCH(Graphs!CU$4,Data!$P$3:$Z$3,0))="n.q.",NA(),INDEX(Data!$P$4:$Z$947,MATCH(Graphs!$CK9,Data!$A$4:$A$947,0),MATCH(Graphs!CU$4,Data!$P$3:$Z$3,0)))} -> #N/A | CV9: {=IF(INDEX(Data!$P$4:$Z$947,MATCH(Graphs!$CK9,Data!$A$4:$A$947,0),MATCH(Graphs!CV$4,Data!$P$3:$Z$3,0))="n.q.",NA(),INDEX(Data!$P$4:$Z$947,MATCH(Graphs!$CK9,Data!$A$4:$A$947,0),MATCH(Graphs!CV$4,Data!$P$3:$Z$3,0)))} -> #N/A
CK10: =Data!A9 -> 45931 | CL10: {=IF(INDEX(Data!$B$4:$L$947,MATCH(Graphs!$CK10,Data!$A$4:$A$947,0),MATCH(Graphs!CL$4,Data!$B$3:$L$3,0))="n.q.",NA(),INDEX(Data!$B$4:$L$947,MATCH(Graphs!$CK10,Data!$A$4:$A$947,0),MATCH(Graphs!CL$4,Data!$B$3:$L$3,0)))} -> 225.77 | CM10: {=IF(INDEX(Data!$B$4:$L$947,MATCH(Graphs!$CK10,Data!$A$4:$A$947,0),MATCH(Graphs!CM$4,Data!$B$3:$L$3,0))="n.q.",NA(),INDEX(Data!$B$4:$L$947,MATCH(Graphs!$CK10,Data!$A$4:$A$947,0),MATCH(Graphs!CM$4,Data!$B$3:$L$3,0)))} -> 227.99 | CN10: {=IF(INDEX(Data!$B$4:$L$947,MATCH(Graphs!$CK10,Data!$A$4:$A$947,0),MATCH(Graphs!CN$4,Data!$B$3:$L$3,0))="n.q.",NA(),INDEX(Data!$B$4:$L$947,MATCH(Graphs!$CK10,Data!$A$4:$A$947,0),MATCH(Graphs!CN$4,Data!$B$3:$L$3,0)))} -> 216 | CO10: {=IF(INDEX(Data!$B$4:$L$947,MATCH(Graphs!$CK10,Data!$A$4:$A$947,0),MATCH(Graphs!CO$4,Data!$B$3:$L$3,0))="n.q.",NA(),INDEX(Data!$B$4:$L$947,MATCH(Graphs!$CK10,Data!$A$4:$A$947,0),MATCH(Graphs!CO$4,Data!$B$3:$L$3,0)))} -> #N/A | CP10: {=IF(INDEX(Data!$B$4:$L$947,MATCH(Graphs!$CK10,Data!$A$4:$A$947,0),MATCH(Graphs!CP$4,Data!$B$3:$L$3,0))="n.q.",NA(),INDEX(Data!$B$4:$L$947,MATCH(Graphs!$CK10,Data!$A$4:$A$947,0),MATCH(Graphs!CP$4,Data!$B$3:$L$3,0)))} -> #N/A | CR10: {=IF(INDEX(Data!$P$4:$Z$947,MATCH(Graphs!$CK10,Data!$A$4:$A$947,0),MATCH(Graphs!CR$4,Data!$P$3:$Z$3,0))="n.q.",NA(),INDEX(Data!$P$4:$Z$947,MATCH(Graphs!$CK10,Data!$A$4:$A$947,0),MATCH(Graphs!CR$4,Data!$P$3:$Z$3,0)))} -> 171.4176 | CS10: {=IF(INDEX(Data!$P$4:$Z$947,MATCH(Graphs!$CK10,Data!$A$4:$A$947,0),MATCH(Graphs!CS$4,Data!$P$3:$Z$3,0))="n.q.",NA(),INDEX(Data!$P$4:$Z$947,MATCH(Graphs!$CK10,Data!$A$4:$A$947,0),MATCH(Graphs!CS$4,Data!$P$3:$Z$3,0)))} -> #N/A | CT10: {=IF(INDEX(Data!$P$4:$Z$947,MATCH(Graphs!$CK10,Data!$A$4:$A$947,0),MATCH(Graphs!CT$4,Data!$P$3:$Z$3,0))="n.q.",NA(),INDEX(Data!$P$4:$Z$947,MATCH(Graphs!$CK10,Data!$A$4:$A$947,0),MATCH(Graphs!CT$4,Data!$P$3:$Z$3,0)))} -> 182.53156 | CU10: {=IF(INDEX(Data!$P$4:$Z$947,MATCH(Graphs!$CK10,Data!$A$4:$A$947,0),MATCH(Graphs!CU$4,Data!$P$3:$Z$3,0))="n.q.",NA(),INDEX(Data!$P$4:$Z$947,MATCH(Graphs!$CK10,Data!$A$4:$A$947,0),MATCH(Graphs!CU$4,Data!$P$3:$Z$3,0)))} -> #N/A | CV10: {=IF(INDEX(Data!$P$4:$Z$947,MATCH(Graphs!$CK10,Data!$A$4:$A$947,0),MATCH(Graphs!CV$4,Data!$P$3:$Z$3,0))="n.q.",NA(),INDEX(Data!$P$4:$Z$947,MATCH(Graphs!$CK10,Data!$A$4:$A$947,0),MATCH(Graphs!CV$4,Data!$P$3:$Z$3,0)))} -> #N/A
CK11: =Data!A10 -> 45924 | CL11: {=IF(INDEX(Data!$B$4:$L$947,MATCH(Graphs!$CK11,Data!$A$4:$A$947,0),MATCH(Graphs!CL$4,Data!$B$3:$L$3,0))="n.q.",NA(),INDEX(Data!$B$4:$L$947,MATCH(Graphs!$CK11,Data!$A$4:$A$947,0),MATCH(Graphs!CL$4,Data!$B$3:$L$3,0)))} -> 229.72 | CM11: {=IF(INDEX(Data!$B$4:$L$947,MATCH(Graphs!$CK11,Data!$A$4:$A$947,0),MATCH(Graphs!CM$4,Data!$B$3:$L$3,0))="n.q.",NA(),INDEX(Data!$B$4:$L$947,MATCH(Graphs!$CK11,Data!$A$4:$A$947,0),MATCH(Graphs!CM$4,Data!$B$3:$L$3,0)))} -> 233.97 | CN11: {=IF(INDEX(Data!$B$4:$L$947,MATCH(Graphs!$CK11,Data!$A$4:$A$947,0),MATCH(Graphs!CN$4,Data!$B$3:$L$3,0))="n.q.",NA(),INDEX(Data!$B$4:$L$947,MATCH(Graphs!$CK11,Data!$A$4:$A$947,0),MATCH(Graphs!CN$4,Data!$B$3:$L$3,0)))} -> 216 | CO11: {=IF(INDEX(Data!$B$4:$L$947,MATCH(Graphs!$CK11,Data!$A$4:$A$947,0),MATCH(Graphs!CO$4,Data!$B$3:$L$3,0))="n.q.",NA(),INDEX(Data!$B$4:$L$947,MATCH(Graphs!$CK11,Data!$A$4:$A$947,0),MATCH(Graphs!CO$4,Data!$B$3:$L$3,0)))} -> #N/A | CP11: {=IF(INDEX(Data!$B$4:$L$947,MATCH(Graphs!$CK11,Data!$A$4:$A$947,0),MATCH(Graphs!CP$4,Data!$B$3:$L$3,0))="n.q.",NA(),INDEX(Data!$B$4:$L$947,MATCH(Graphs!$CK11,Data!$A$4:$A$947,0),MATCH(Graphs!CP$4,Data!$B$3:$L$3,0)))} -> #N/A | CR11: {=IF(INDEX(Data!$P$4:$Z$947,MATCH(Graphs!$CK11,Data!$A$4:$A$947,0),MATCH(Graphs!CR$4,Data!$P$3:$Z$3,0))="n.q.",NA(),INDEX(Data!$P$4:$Z$947,MATCH(Graphs!$CK11,Data!$A$4:$A$947,0),MATCH(Graphs!CR$4,Data!$P$3:$Z$3,0)))} -> 174.21742 | CS11: {=IF(INDEX(Data!$P$4:$Z$947,MATCH(Graphs!$CK11,Data!$A$4:$A$947,0),MATCH(Graphs!CS$4,Data!$P$3:$Z$3,0))="n.q.",NA(),INDEX(Data!$P$4:$Z$947,MATCH(Graphs!$CK11,Data!$A$4:$A$947,0),MATCH(Graphs!CS$4,Data!$P$3:$Z$3,0)))} -> #N/A | CT11: {=IF(INDEX(Data!$P$4:$Z$947,MATCH(Graphs!$CK11,Data!$A$4:$A$947,0),MATCH(Graphs!CT$4,Data!$P$3:$Z$3,0))="n.q.",NA(),INDEX(Data!$P$4:$Z$947,MATCH(Graphs!$CK11,Data!$A$4:$A$947,0),MATCH(Graphs!CT$4,Data!$P$3:$Z$3,0)))} -> 187.13848 | CU11: {=IF(INDEX(Data!$P$4:$Z$947,MATCH(Graphs!$CK11,Data!$A$4:$A$947,0),MATCH(Graphs!CU$4,Data!$P$3:$Z$3,0))="n.q.",NA(),INDEX(Data!$P$4:$Z$947,MATCH(Graphs!$CK11,Data!$A$4:$A$947,0),MATCH(Graphs!CU$4,Data!$P$3:$Z$3,0)))} -> #N/A | CV11: {=IF(INDEX(Data!$P$4:$Z$947,MATCH(Graphs!$CK11,Data!$A$4:$A$947,0),MATCH(Graphs!CV$4,Data!$P$3:$Z$3,0))="n.q.",NA(),INDEX(Data!$P$4:$Z$947,MATCH(Graphs!$CK11,Data!$A$4:$A$947,0),MATCH(Graphs!CV$4,Data!$P$3:$Z$3,0)))} -> #N/A
CK12: =Data!A11 -> 45917 | CL12: {=IF(INDEX(Data!$B$4:$L$947,MATCH(Graphs!$CK12,Data!$A$4:$A$947,0),MATCH(Graphs!CL$4,Data!$B$3:$L$3,0))="n.q.",NA(),INDEX(Data!$B$4:$L$947,MATCH(Graphs!$CK12,Data!$A$4:$A$947,0),MATCH(Graphs!CL$4,Data!$B$3:$L$3,0)))} -> 232.33 | CM12: {=IF(INDEX(Data!$B$4:$L$947,MATCH(Graphs!$CK12,Data!$A$4:$A$947,0),MATCH(Graphs!CM$4,Data!$B$3:$L$3,0))="n.q.",NA(),INDEX(Data!$B$4:$L$947,MATCH(Graphs!$CK12,Data!$A$4:$A$947,0),MATCH(Graphs!CM$4,Data!$B$3:$L$3,0)))} -> 237.46 | CN12: {=IF(INDEX(Data!$B$4:$L$947,MATCH(Graphs!$CK12,Data!$A$4:$A$947,0),MATCH(Graphs!CN$4,Data!$B$3:$L$3,0))="n.q.",NA(),INDEX(Data!$B$4:$L$947,MATCH(Graphs!$CK12,Data!$A$4:$A$947,0),MATCH(Graphs!CN$4,Data!$B$3:$L$3,0)))} -> 217 | CO12: {=IF(INDEX(Data!$B$4:$L$947,MATCH(Graphs!$CK12,Data!$A$4:$A$947,0),MATCH(Graphs!CO$4,Data!$B$3:$L$3,0))="n.q.",NA(),INDEX(Data!$B$4:$L$947,MATCH(Graphs!$CK12,Data!$A$4:$A$947,0),MATCH(Graphs!CO$4,Data!$B$3:$L$3,0)))} -> #N/A | CP12: {=IF(INDEX(Data!$B$4:$L$947,MATCH(Graphs!$CK12,Data!$A$4:$A$947,0),MATCH(Graphs!CP$4,Data!$B$3:$L$3,0))="n.q.",NA(),INDEX(Data!$B$4:$L$947,MATCH(Graphs!$CK12,Data!$A$4:$A$947,0),MATCH(Graphs!CP$4,Data!$B$3:$L$3,0)))} -> #N/A | CR12: {=IF(INDEX(Data!$P$4:$Z$947,MATCH(Graphs!$CK12,Data!$A$4:$A$947,0),MATCH(Graphs!CR$4,Data!$P$3:$Z$3,0))="n.q.",NA(),INDEX(Data!$P$4:$Z$947,MATCH(Graphs!$CK12,Data!$A$4:$A$947,0),MATCH(Graphs!CR$4,Data!$P$3:$Z$3,0)))} -> 175.18797 | CS12: {=IF(INDEX(Data!$P$4:$Z$947,MATCH(Graphs!$CK12,Data!$A$4:$A$947,0),MATCH(Graphs!CS$4,Data!$P$3:$Z$3,0))="n.q.",NA(),INDEX(Data!$P$4:$Z$947,MATCH(Graphs!$CK12,Data!$A$4:$A$947,0),MATCH(Graphs!CS$4,Data!$P$3:$Z$3,0)))} -> #N/A | CT12: {=IF(INDEX(Data!$P$4:$Z$947,MATCH(Graphs!$CK12,Data!$A$4:$A$947,0),MATCH(Graphs!CT$4,Data!$P$3:$Z$3,0))="n.q.",NA(),INDEX(Data!$P$4:$Z$947,MATCH(Graphs!$CK12,Data!$A$4:$A$947,0),MATCH(Graphs!CT$4,Data!$P$3:$Z$3,0)))} -> 184.16829 | CU12: {=IF(INDEX(Data!$P$4:$Z$947,MATCH(Graphs!$CK12,Data!$A$4:$A$947,0),MATCH(Graphs!CU$4,Data!$P$3:$Z$3,0))="n.q.",NA(),INDEX(Data!$P$4:$Z$947,MATCH(Graphs!$CK12,Data!$A$4:$A$947,0),MATCH(Graphs!CU$4,Data!$P$3:$Z$3,0)))} -> #N/A | CV12: {=IF(INDEX(Data!$P$4:$Z$947,MATCH(Graphs!$CK12,Data!$A$4:$A$947,0),MATCH(Graphs!CV$4,Data!$P$3:$Z$3,0))="n.q.",NA(),INDEX(Data!$P$4:$Z$947,MATCH(Graphs!$CK12,Data!$A$4:$A$947,0),MATCH(Graphs!CV$4,Data!$P$3:$Z$3,0)))} -> #N/A
CK13: =Data!A12 -> 45910 | CL13: {=IF(INDEX(Data!$B$4:$L$947,MATCH(Graphs!$CK13,Data!$A$4:$A$947,0),MATCH(Graphs!CL$4,Data!$B$3:$L$3,0))="n.q.",NA(),INDEX(Data!$B$4:$L$947,MATCH(Graphs!$CK13,Data!$A$4:$A$947,0),MATCH(Graphs!CL$4,Data!$B$3:$L$3,0)))} -> 224.51 | CM13: {=IF(INDEX(Data!$B$4:$L$947,MATCH(Graphs!$CK13,Data!$A$4:$A$947,0),MATCH(Graphs!CM$4,Data!$B$3:$L$3,0))="n.q.",NA(),INDEX(Data!$B$4:$L$947,MATCH(Graphs!$CK13,Data!$A$4:$A$947,0),MATCH(Graphs!CM$4,Data!$B$3:$L$3,0)))} -> 234.06 | CN13: {=IF(INDEX(Data!$B$4:$L$947,MATCH(Graphs!$CK13,Data!$A$4:$A$947,0),MATCH(Graphs!CN$4,Data!$B$3:$L$3,0))="n.q.",NA(),INDEX(Data!$B$4:$L$947,MATCH(Graphs!$CK13,Data!$A$4:$A$947,0),MATCH(Graphs!CN$4,Data!$B$3:$L$3,0)))} -> 215 | CO13: {=IF(INDEX(Data!$B$4:$L$947,MATCH(Graphs!$CK13,Data!$A$4:$A$947,0),MATCH(Graphs!CO$4,Data!$B$3:$L$3,0))="n.q.",NA(),INDEX(Data!$B$4:$L$947,MATCH(Graphs!$CK13,Data!$A$4:$A$947,0),MATCH(Graphs!CO$4,Data!$B$3:$L$3,0)))} -> #N/A | CP13: {=IF(INDEX(Data!$B$4:$L$947,MATCH(Graphs!$CK13,Data!$A$4:$A$947,0),MATCH(Graphs!CP$4,Data!$B$3:$L$3,0))="n.q.",NA(),INDEX(Data!$B$4:$L$947,MATCH(Graphs!$CK13,Data!$A$4:$A$947,0),MATCH(Graphs!CP$4,Data!$B$3:$L$3,0)))} -> #N/A | CR13: {=IF(INDEX(Data!$P$4:$Z$947,MATCH(Graphs!$CK13,Data!$A$4:$A$947,0),MATCH(Graphs!CR$4,Data!$P$3:$Z$3,0))="n.q.",NA(),INDEX(Data!$P$4:$Z$947,MATCH(Graphs!$CK13,Data!$A$4:$A$947,0),MATCH(Graphs!CR$4,Data!$P$3:$Z$3,0)))} -> 172.84531 | CS13: {=IF(INDEX(Data!$P$4:$Z$947,MATCH(Graphs!$CK13,Data!$A$4:$A$947,0),MATCH(Graphs!CS$4,Data!$P$3:$Z$3,0))="n.q.",NA(),INDEX(Data!$P$4:$Z$947,MATCH(Graphs!$CK13,Data!$A$4:$A$947,0),MATCH(Graphs!CS$4,Data!$P$3:$Z$3,0)))} -> #N/A | CT13: {=IF(INDEX(Data!$P$4:$Z$947,MATCH(Graphs!$CK13,Data!$A$4:$A$947,0),MATCH(Graphs!CT$4,Data!$P$3:$Z$3,0))="n.q.",NA(),INDEX(Data!$P$4:$Z$947,MATCH(Graphs!$CK13,Data!$A$4:$A$947,0),MATCH(Graphs!CT$4,Data!$P$3:$Z$3,0)))} -> 184.505 | CU13: {=IF(INDEX(Data!$P$4:$Z$947,MATCH(Graphs!$CK13,Data!$A$4:$A$947,0),MATCH(Graphs!CU$4,Data!$P$3:$Z$3,0))="n.q.",NA(),INDEX(Data!$P$4:$Z$947,MATCH(Graphs!$CK13,Data!$A$4:$A$947,0),MATCH(Graphs!CU$4,Data!$P$3:$Z$3,0)))} -> #N/A | CV13: {=IF(INDEX(Data!$P$4:$Z$947,MATCH(Graphs!$CK13,Data!$A$4:$A$947,0),MATCH(Graphs!CV$4,Data!$P$3:$Z$3,0))="n.q.",NA(),INDEX(Data!$P$4:$Z$947,MATCH(Graphs!$CK13,Data!$A$4:$A$947,0),MATCH(Graphs!CV$4,Data!$P$3:$Z$3,0)))} -> #N/A
CK14: =Data!A13 -> 45903 | CL14: {=IF(INDEX(Data!$B$4:$L$947,MATCH(Graphs!$CK14,Data!$A$4:$A$947,0),MATCH(Graphs!CL$4,Data!$B$3:$L$3,0))="n.q.",NA(),INDEX(Data!$B$4:$L$947,MATCH(Graphs!$CK14,Data!$A$4:$A$947,0),MATCH(Graphs!CL$4,Data!$B$3:$L$3,0)))} -> 224.93 | CM14: {=IF(INDEX(Data!$B$4:$L$947,MATCH(Graphs!$CK14,Data!$A$4:$A$947,0),MATCH(Graphs!CM$4,Data!$B$3:$L$3,0))="n.q.",NA(),INDEX(Data!$B$4:$L$947,MATCH(Graphs!$CK14,Data!$A$4:$A$947,0),MATCH(Graphs!CM$4,Data!$B$3:$L$3,0)))} -> 226.98 | CN14: {=IF(INDEX(Data!$B$4:$L$947,MATCH(Graphs!$CK14,Data!$A$4:$A$947,0),MATCH(Graphs!CN$4,Data!$B$3:$L$3,0))="n.q.",NA(),INDEX(Data!$B$4:$L$947,MATCH(Graphs!$CK14,Data!$A$4:$A$947,0),MATCH(Graphs!CN$4,Data!$B$3:$L$3,0)))} -> 211 | CO14: {=IF(INDEX(Data!$B$4:$L$947,MATCH(Graphs!$CK14,Data!$A$4:$A$947,0),MATCH(Graphs!CO$4,Data!$B$3:$L$3,0))="n.q.",NA(),INDEX(Data!$B$4:$L$947,MATCH(Graphs!$CK14,Data!$A$4:$A$947,0),MATCH(Graphs!CO$4,Data!$B$3:$L$3,0)))} -> #N/A | CP14: {=IF(INDEX(Data!$B$4:$L$947,MATCH(Graphs!$CK14,Data!$A$4:$A$947,0),MATCH(Graphs!CP$4,Data!$B$3:$L$3,0))="n.q.",NA(),INDEX(Data!$B$4:$L$947,MATCH(Graphs!$CK14,Data!$A$4:$A$947,0),MATCH(Graphs!CP$4,Data!$B$3:$L$3,0)))} -> #N/A | CR14: {=IF(INDEX(Data!$P$4:$Z$947,MATCH(Graphs!$CK14,Data!$A$4:$A$947,0),MATCH(Graphs!CR$4,Data!$P$3:$Z$3,0))="n.q.",NA(),INDEX(Data!$P$4:$Z$947,MATCH(Graphs!$CK14,Data!$A$4:$A$947,0),MATCH(Graphs!CR$4,Data!$P$3:$Z$3,0)))} -> 178.03999 | CS14: {=IF(INDEX(Data!$P$4:$Z$947,MATCH(Graphs!$CK14,Data!$A$4:$A$947,0),MATCH(Graphs!CS$4,Data!$P$3:$Z$3,0))="n.q.",NA(),INDEX(Data!$P$4:$Z$947,MATCH(Graphs!$CK14,Data!$A$4:$A$947,0),MATCH(Graphs!CS$4,Data!$P$3:$Z$3,0)))} -> #N/A | CT14: {=IF(INDEX(Data!$P$4:$Z$947,MATCH(Graphs!$CK14,Data!$A$4:$A$947,0),MATCH(Graphs!CT$4,Data!$P$3:$Z$3,0))="n.q.",NA(),INDEX(Data!$P$4:$Z$947,MATCH(Graphs!$CK14,Data!$A$4:$A$947,0),MATCH(Graphs!CT$4,Data!$P$3:$Z$3,0)))} -> 197.37407 | CU14: {=IF(INDEX(Data!$P$4:$Z$947,MATCH(Graphs!$CK14,Data!$A$4:$A$947,0),MATCH(Graphs!CU$4,Data!$P$3:$Z$3,0))="n.q.",NA(),INDEX(Data!$P$4:$Z$947,MATCH(Graphs!$CK14,Data!$A$4:$A$947,0),MATCH(Graphs!CU$4,Data!$P$3:$Z$3,0)))} -> #N/A | CV14: {=IF(INDEX(Data!$P$4:$Z$947,MATCH(Graphs!$CK14,Data!$A$4:$A$947,0),MATCH(Graphs!CV$4,Data!$P$3:$Z$3,0))="n.q.",NA(),INDEX(Data!$P$4:$Z$947,MATCH(Graphs!$CK14,Data!$A$4:$A$947,0),MATCH(Graphs!CV$4,Data!$P$3:$Z$3,0)))} -> #N/A
CK15: =Data!A14 -> 45896 | CL15: {=IF(INDEX(Data!$B$4:$L$947,MATCH(Graphs!$CK15,Data!$A$4:$A$947,0),MATCH(Graphs!CL$4,Data!$B$3:$L$3,0))="n.q.",NA(),INDEX(Data!$B$4:$L$947,MATCH(Graphs!$CK15,Data!$A$4:$A$947,0),MATCH(Graphs!CL$4,Data!$B$3:$L$3,0)))} -> 230.15 | CM15: {=IF(INDEX(Data!$B$4:$L$947,MATCH(Graphs!$CK15,Data!$A$4:$A$947,0),MATCH(Graphs!CM$4,Data!$B$3:$L$3,0))="n.q.",NA(),INDEX(Data!$B$4:$L$947,MATCH(Graphs!$CK15,Data!$A$4:$A$947,0),MATCH(Graphs!CM$4,Data!$B$3:$L$3,0)))} -> 226.16 | CN15: {=IF(INDEX(Data!$B$4:$L$947,MATCH(Graphs!$CK15,Data!$A$4:$A$947,0),MATCH(Graphs!CN$4,Data!$B$3:$L$3,0))="n.q.",NA(),INDEX(Data!$B$4:$L$947,MATCH(Graphs!$CK15,Data!$A$4:$A$947,0),MATCH(Graphs!CN$4,Data!$B$3:$L$3,0)))} -> 213 | CO15: {=IF(INDEX(Data!$B$4:$L$947,MATCH(Graphs!$CK15,Data!$A$4:$A$947,0),MATCH(Graphs!CO$4,Data!$B$3:$L$3,0))="n.q.",NA(),INDEX(Data!$B$4:$L$947,MATCH(Graphs!$CK15,Data!$A$4:$A$947,0),MATCH(Graphs!CO$4,Data!$B$3:$L$3,0)))} -> #N/A | CP15: {=IF(INDEX(Data!$B$4:$L$947,MATCH(Graphs!$CK15,Data!$A$4:$A$947,0),MATCH(Graphs!CP$4,Data!$B$3:$L$3,0))="n.q.",NA(),INDEX(Data!$B$4:$L$947,MATCH(Graphs!$CK15,Data!$A$4:$A$947,0),MATCH(Graphs!CP$4,Data!$B$3:$L$3,0)))} -> #N/A | CR15: {=IF(INDEX(Data!$P$4:$Z$947,MATCH(Graphs!$CK15,Data!$A$4:$A$947,0),MATCH(Graphs!CR$4,Data!$P$3:$Z$3,0))="n.q.",NA(),INDEX(Data!$P$4:$Z$947,MATCH(Graphs!$CK15,Data!$A$4:$A$947,0),MATCH(Graphs!CR$4,Data!$P$3:$Z$3,0)))} -> 174.38109 | CS15: {=IF(INDEX(Data!$P$4:$Z$947,MATCH(Graphs!$CK15,Data!$A$4:$A$947,0),MATCH(Graphs!CS$4,Data!$P$3:$Z$3,0))="n.q.",NA(),INDEX(Data!$P$4:$Z$947,MATCH(Graphs!$CK15,Data!$A$4:$A$947,0),MATCH(Graphs!CS$4,Data!$P$3:$Z$3,0)))} -> #N/A | CT15: {=IF(INDEX(Data!$P$4:$Z$947,MATCH(Graphs!$CK15,Data!$A$4:$A$947,0),MATCH(Graphs!CT$4,Data!$P$3:$Z$3,0))="n.q.",NA(),INDEX(Data!$P$4:$Z$947,MATCH(Graphs!$CK15,Data!$A$4:$A$947,0),MATCH(Graphs!CT$4,Data!$P$3:$Z$3,0)))} -> 209.60925 | CU15: {=IF(INDEX(Data!$P$4:$Z$947,MATCH(Graphs!$CK15,Data!$A$4:$A$947,0),MATCH(Graphs!CU$4,Data!$P$3:$Z$3,0))="n.q.",NA(),INDEX(Data!$P$4:$Z$947,MATCH(Graphs!$CK15,Data!$A$4:$A$947,0),MATCH(Graphs!CU$4,Data!$P$3:$Z$3,0)))} -> #N/A | CV15: {=IF(INDEX(Data!$P$4:$Z$947,MATCH(Graphs!$CK15,Data!$A$4:$A$947,0),MATCH(Graphs!CV$4,Data!$P$3:$Z$3,0))="n.q.",NA(),INDEX(Data!$P$4:$Z$947,MATCH(Graphs!$CK15,Data!$A$4:$A$947,0),MATCH(Graphs!CV$4,Data!$P$3:$Z$3,0)))} -> #N/A
CK16: =Data!A15 -> 45889 | CL16: {=IF(INDEX(Data!$B$4:$L$947,MATCH(Graphs!$CK16,Data!$A$4:$A$947,0),MATCH(Graphs!CL$4,Data!$B$3:$L$3,0))="n.q.",NA(),INDEX(Data!$B$4:$L$947,MATCH(Graphs!$CK16,Data!$A$4:$A$947,0),MATCH(Graphs!CL$4,Data!$B$3:$L$3,0)))} -> 232.63 | CM16: {=IF(INDEX(Data!$B$4:$L$947,MATCH(Graphs!$CK16,Data!$A$4:$A$947,0),MATCH(Graphs!CM$4,Data!$B$3:$L$3,0))="n.q.",NA(),INDEX(Data!$B$4:$L$947,MATCH(Graphs!$CK16,Data!$A$4:$A$947,0),MATCH(Graphs!CM$4,Data!$B$3:$L$3,0)))} -> 231.76 | CN16: {=IF(INDEX(Data!$B$4:$L$947,MATCH(Graphs!$CK16,Data!$A$4:$A$947,0),MATCH(Graphs!CN$4,Data!$B$3:$L$3,0))="n.q.",NA(),INDEX(Data!$B$4:$L$947,MATCH(Graphs!$CK16,Data!$A$4:$A$947,0),MATCH(Graphs!CN$4,Data!$B$3:$L$3,0)))} -> 215 | CO16: {=IF(INDEX(Data!$B$4:$L$947,MATCH(Graphs!$CK16,Data!$A$4:$A$947,0),MATCH(Graphs!CO$4,Data!$B$3:$L$3,0))="n.q.",NA(),INDEX(Data!$B$4:$L$947,MATCH(Graphs!$CK16,Data!$A$4:$A$947,0),MATCH(Graphs!CO$4,Data!$B$3:$L$3,0)))} -> #N/A | CP16: {=IF(INDEX(Data!$B$4:$L$947,MATCH(Graphs!$CK16,Data!$A$4:$A$947,0),MATCH(Graphs!CP$4,Data!$B$3:$L$3,0))="n.q.",NA(),INDEX(Data!$B$4:$L$947,MATCH(Graphs!$CK16,Data!$A$4:$A$947,0),MATCH(Graphs!CP$4,Data!$B$3:$L$3,0)))} -> #N/A | CR16: {=IF(INDEX(Data!$P$4:$Z$947,MATCH(Graphs!$CK16,Data!$A$4:$A$947,0),MATCH(Graphs!CR$4,Data!$P$3:$Z$3,0))="n.q.",NA(),INDEX(Data!$P$4:$Z$947,MATCH(Graphs!$CK16,Data!$A$4:$A$947,0),MATCH(Graphs!CR$4,Data!$P$3:$Z$3,0)))} -> 172.66329 | CS16: {=IF(INDEX(Data!$P$4:$Z$947,MATCH(Graphs!$CK16,Data!$A$4:$A$947,0),MATCH(Graphs!CS$4,Data!$P$3:$Z$3,0))="n.q.",NA(),INDEX(Data!$P$4:$Z$947,MATCH(Graphs!$CK16,Data!$A$4:$A$947,0),MATCH(Graphs!CS$4,Data!$P$3:$Z$3,0)))} -> #N/A | CT16: {=IF(INDEX(Data!$P$4:$Z$947,MATCH(Graphs!$CK16,Data!$A$4:$A$947,0),MATCH(Graphs!CT$4,Data!$P$3:$Z$3,0))="n.q.",NA(),INDEX(Data!$P$4:$Z$947,MATCH(Graphs!$CK16,Data!$A$4:$A$947,0),MATCH(Graphs!CT$4,Data!$P$3:$Z$3,0)))} -> 208.56579 | CU16: {=IF(INDEX(Data!$P$4:$Z$947,MATCH(Graphs!$CK16,Data!$A$4:$A$947,0),MATCH(Graphs!CU$4,Data!$P$3:$Z$3,0))="n.q.",NA(),INDEX(Data!$P$4:$Z$947,MATCH(Graphs!$CK16,Data!$A$4:$A$947,0),MATCH(Graphs!CU$4,Data!$P$3:$Z$3,0)))} -> #N/A | CV16: {=IF(INDEX(Data!$P$4:$Z$947,MATCH(Graphs!$CK16,Data!$A$4:$A$947,0),MATCH(Graphs!CV$4,Data!$P$3:$Z$3,0))="n.q.",NA(),INDEX(Data!$P$4:$Z$947,MATCH(Graphs!$CK16,Data!$A$4:$A$947,0),MATCH(Graphs!CV$4,Data!$P$3:$Z$3,0)))} -> #N/A
... CK26: =Data!A25 -> 45819 | CL26: {=IF(INDEX(Data!$B$4:$L$947,MATCH(Graphs!$CK26,Data!$A$4:$A$947,0),MATCH(Graphs!CL$4,Data!$B$3:$L$3,0))="n.q.",NA(),INDEX(Data!$B$4:$L$947,MATCH(Graphs!$CK26,Data!$A$4:$A$947,0),MATCH(Graphs!CL$4,Data!$B$3:$L$3,0)))} -> 227.52 | CM26: {=IF(INDEX(Data!$B$4:$L$947,MATCH(Graphs!$CK26,Data!$A$4:$A$947,0),MATCH(Graphs!CM$4,Data!$B$3:$L$3,0))="n.q.",NA(),INDEX(Data!$B$4:$L$947,MATCH(Graphs!$CK26,Data!$A$4:$A$947,0),MATCH(Graphs!CM$4,Data!$B$3:$L$3,0)))} -> 235.62 | CN26: {=IF(INDEX(Data!$B$4:$L$947,MATCH(Graphs!$CK26,Data!$A$4:$A$947,0),MATCH(Graphs!CN$4,Data!$B$3:$L$3,0))="n.q.",NA(),INDEX(Data!$B$4:$L$947,MATCH(Graphs!$CK26,Data!$A$4:$A$947,0),MATCH(Graphs!CN$4,Data!$B$3:$L$3,0)))} -> 212 | CO26: {=IF(INDEX(Data!$B$4:$L$947,MATCH(Graphs!$CK26,Data!$A$4:$A$947,0),MATCH(Graphs!CO$4,Data!$B$3:$L$3,0))="n.q.",NA(),INDEX(Data!$B$4:$L$947,MATCH(Graphs!$CK26,Data!$A$4:$A$947,0),MATCH(Graphs!CO$4,Data!$B$3:$L$3,0)))} -> #N/A | CP26: {=IF(INDEX(Data!$B$4:$L$947,MATCH(Graphs!$CK26,Data!$A$4:$A$947,0),MATCH(Graphs!CP$4,Data!$B$3:$L$3,0))="n.q.",NA(),INDEX(Data!$B$4:$L$947,MATCH(Graphs!$CK26,Data!$A$4:$A$947,0),MATCH(Graphs!CP$4,Data!$B$3:$L$3,0)))} -> #N/A | CR26: {=IF(INDEX(Data!$P$4:$Z$947,MATCH(Graphs!$CK26,Data!$A$4:$A$947,0),MATCH(Graphs!CR$4,Data!$P$3:$Z$3,0))="n.q.",NA(),INDEX(Data!$P$4:$Z$947,MATCH(Graphs!$CK26,Data!$A$4:$A$947,0),MATCH(Graphs!CR$4,Data!$P$3:$Z$3,0)))} -> 176.30543 | CS26: {=IF(INDEX(Data!$P$4:$Z$947,MATCH(Graphs!$CK26,Data!$A$4:$A$947,0),MATCH(Graphs!CS$4,Data!$P$3:$Z$3,0))="n.q.",NA(),INDEX(Data!$P$4:$Z$947,MATCH(Graphs!$CK26,Data!$A$4:$A$947,0),MATCH(Graphs!CS$4,Data!$P$3:$Z$3,0)))} -> #N/A | CT26: {=IF(INDEX(Data!$P$4:$Z$947,MATCH(Graphs!$CK26,Data!$A$4:$A$947,0),MATCH(Graphs!CT$4,Data!$P$3:$Z$3,0))="n.q.",NA(),INDEX(Data!$P$4:$Z$947,MATCH(Graphs!$CK26,Data!$A$4:$A$947,0),MATCH(Graphs!CT$4,Data!$P$3:$Z$3,0)))} -> 208.16933 | CU26: {=IF(INDEX(Data!$P$4:$Z$947,MATCH(Graphs!$CK26,Data!$A$4:$A$947,0),MATCH(Graphs!CU$4,Data!$P$3:$Z$3,0))="n.q.",NA(),INDEX(Data!$P$4:$Z$947,MATCH(Graphs!$CK26,Data!$A$4:$A$947,0),MATCH(Graphs!CU$4,Data!$P$3:$Z$3,0)))} -> #N/A | CV26: {=IF(INDEX(Data!$P$4:$Z$947,MATCH(Graphs!$CK26,Data!$A$4:$A$947,0),MATCH(Graphs!CV$4,Data!$P$3:$Z$3,0))="n.q.",NA(),INDEX(Data!$P$4:$Z$947,MATCH(Graphs!$CK26,Data!$A$4:$A$947,0),MATCH(Graphs!CV$4,Data!$P$3:$Z$3,0)))} -> #N/A
C27: Source: International Grains Council, France Agrimer | O27: Source: International Grains Council, France Agrimer | CK27: =Data!A26 -> 45812 | CL27: {=IF(INDEX(Data!$B$4:$L$947,MATCH(Graphs!$CK27,Data!$A$4:$A$947,0),MATCH(Graphs!CL$4,Data!$B$3:$L$3,0))="n.q.",NA(),INDEX(Data!$B$4:$L$947,MATCH(Graphs!$CK27,Data!$A$4:$A$947,0),MATCH(Graphs!CL$4,Data!$B$3:$L$3,0)))} -> 228.49 | CM27: {=IF(INDEX(Data!$B$4:$L$947,MATCH(Graphs!$CK27,Data!$A$4:$A$947,0),MATCH(Graphs!CM$4,Data!$B$3:$L$3,0))="n.q.",NA(),INDEX(Data!$B$4:$L$947,MATCH(Graphs!$CK27,Data!$A$4:$A$947,0),MATCH(Graphs!CM$4,Data!$B$3:$L$3,0)))} -> 240.85 | CN27: {=IF(INDEX(Data!$B$4:$L$947,MATCH(Graphs!$CK27,Data!$A$4:$A$947,0),MATCH(Graphs!CN$4,Data!$B$3:$L$3,0))="n.q.",NA(),INDEX(Data!$B$4:$L$947,MATCH(Graphs!$CK27,Data!$A$4:$A$947,0),MATCH(Graphs!CN$4,Data!$B$3:$L$3,0)))} -> 212 | CO27: {=IF(INDEX(Data!$B$4:$L$947,MATCH(Graphs!$CK27,Data!$A$4:$A$947,0),MATCH(Graphs!CO$4,Data!$B$3:$L$3,0))="n.q.",NA(),INDEX(Data!$B$4:$L$947,MATCH(Graphs!$CK27,Data!$A$4:$A$947,0),MATCH(Graphs!CO$4,Data!$B$3:$L$3,0)))} -> #N/A | CP27: {=IF(INDEX(Data!$B$4:$L$947,MATCH(Graphs!$CK27,Data!$A$4:$A$947,0),MATCH(Graphs!CP$4,Data!$B$3:$L$3,0))="n.q.",NA(),INDEX(Data!$B$4:$L$947,MATCH(Graphs!$CK27,Data!$A$4:$A$947,0),MATCH(Graphs!CP$4,Data!$B$3:$L$3,0)))} -> #N/A | CR27: {=IF(INDEX(Data!$P$4:$Z$947,MATCH(Graphs!$CK27,Data!$A$4:$A$947,0),MATCH(Graphs!CR$4,Data!$P$3:$Z$3,0))="n.q.",NA(),INDEX(Data!$P$4:$Z$947,MATCH(Graphs!$CK27,Data!$A$4:$A$947,0),MATCH(Graphs!CR$4,Data!$P$3:$Z$3,0)))} -> 178.70696 | CS27: {=IF(INDEX(Data!$P$4:$Z$947,MATCH(Graphs!$CK27,Data!$A$4:$A$947,0),MATCH(Graphs!CS$4,Data!$P$3:$Z$3,0))="n.q.",NA(),INDEX(Data!$P$4:$Z$947,MATCH(Graphs!$CK27,Data!$A$4:$A$947,0),MATCH(Graphs!CS$4,Data!$P$3:$Z$3,0)))} -> #N/A | CT27: {=IF(INDEX(Data!$P$4:$Z$947,MATCH(Graphs!$CK27,Data!$A$4:$A$947,0),MATCH(Graphs!CT$4,Data!$P$3:$Z$3,0))="n.q.",NA(),INDEX(Data!$P$4:$Z$947,MATCH(Graphs!$CK27,Data!$A$4:$A$947,0),MATCH(Graphs!CT$4,Data!$P$3:$Z$3,0)))} -> 209.94378 | CU27: {=IF(INDEX(Data!$P$4:$Z$947,MATCH(Graphs!$CK27,Data!$A$4:$A$947,0),MATCH(Graphs!CU$4,Data!$P$3:$Z$3,0))="n.q.",NA(),INDEX(Data!$P$4:$Z$947,MATCH(Graphs!$CK27,Data!$A$4:$A$947,0),MATCH(Graphs!CU$4,Data!$P$3:$Z$3,0)))} -> #N/A | CV27: {=IF(INDEX(Data!$P$4:$Z$947,MATCH(Graphs!$CK27,Data!$A$4:$A$947,0),MATCH(Graphs!CV$4,Data!$P$3:$Z$3,0))="n.q.",NA(),INDEX(Data!$P$4:$Z$947,MATCH(Graphs!$CK27,Data!$A$4:$A$947,0),MATCH(Graphs!CV$4,Data!$P$3:$Z$3,0)))} -> #N/A
CK28: =Data!A27 -> 45805 | CL28: {=IF(INDEX(Data!$B$4:$L$947,MATCH(Graphs!$CK28,Data!$A$4:$A$947,0),MATCH(Graphs!CL$4,Data!$B$3:$L$3,0))="n.q.",NA(),INDEX(Data!$B$4:$L$947,MATCH(Graphs!$CK28,Data!$A$4:$A$947,0),MATCH(Graphs!CL$4,Data!$B$3:$L$3,0)))} -> 229.18 | CM28: {=IF(INDEX(Data!$B$4:$L$947,MATCH(Graphs!$CK28,Data!$A$4:$A$947,0),MATCH(Graphs!CM$4,Data!$B$3:$L$3,0))="n.q.",NA(),INDEX(Data!$B$4:$L$947,MATCH(Graphs!$CK28,Data!$A$4:$A$947,0),MATCH(Graphs!CM$4,Data!$B$3:$L$3,0)))} -> 235.25 | CN28: {=IF(INDEX(Data!$B$4:$L$947,MATCH(Graphs!$CK28,Data!$A$4:$A$947,0),MATCH(Graphs!CN$4,Data!$B$3:$L$3,0))="n.q.",NA(),INDEX(Data!$B$4:$L$947,MATCH(Graphs!$CK28,Data!$A$4:$A$947,0),MATCH(Graphs!CN$4,Data!$B$3:$L$3,0)))} -> 225 | CO28: {=IF(INDEX(Data!$B$4:$L$947,MATCH(Graphs!$CK28,Data!$A$4:$A$947,0),MATCH(Graphs!CO$4,Data!$B$3:$L$3,0))="n.q.",NA(),INDEX(Data!$B$4:$L$947,MATCH(Graphs!$CK28,Data!$A$4:$A$947,0),MATCH(Graphs!CO$4,Data!$B$3:$L$3,0)))} -> #N/A | CP28: {=IF(INDEX(Data!$B$4:$L$947,MATCH(Graphs!$CK28,Data!$A$4:$A$947,0),MATCH(Graphs!CP$4,Data!$B$3:$L$3,0))="n.q.",NA(),INDEX(Data!$B$4:$L$947,MATCH(Graphs!$CK28,Data!$A$4:$A$947,0),MATCH(Graphs!CP$4,Data!$B$3:$L$3,0)))} -> #N/A | CR28: {=IF(INDEX(Data!$P$4:$Z$947,MATCH(Graphs!$CK28,Data!$A$4:$A$947,0),MATCH(Graphs!CR$4,Data!$P$3:$Z$3,0))="n.q.",NA(),INDEX(Data!$P$4:$Z$947,MATCH(Graphs!$CK28,Data!$A$4:$A$947,0),MATCH(Graphs!CR$4,Data!$P$3:$Z$3,0)))} -> 184.02403 | CS28: {=IF(INDEX(Data!$P$4:$Z$947,MATCH(Graphs!$CK28,Data!$A$4:$A$947,0),MATCH(Graphs!CS$4,Data!$P$3:$Z$3,0))="n.q.",NA(),INDEX(Data!$P$4:$Z$947,MATCH(Graphs!$CK28,Data!$A$4:$A$947,0),MATCH(Graphs!CS$4,Data!$P$3:$Z$3,0)))} -> #N/A | CT28: {=IF(INDEX(Data!$P$4:$Z$947,MATCH(Graphs!$CK28,Data!$A$4:$A$947,0),MATCH(Graphs!CT$4,Data!$P$3:$Z$3,0))="n.q.",NA(),INDEX(Data!$P$4:$Z$947,MATCH(Graphs!$CK28,Data!$A$4:$A$947,0),MATCH(Graphs!CT$4,Data!$P$3:$Z$3,0)))} -> 210.30308 | CU28: {=IF(INDEX(Data!$P$4:$Z$947,MATCH(Graphs!$CK28,Data!$A$4:$A$947,0),MATCH(Graphs!CU$4,Data!$P$3:$Z$3,0))="n.q.",NA(),INDEX(Data!$P$4:$Z$947,MATCH(Graphs!$CK28,Data!$A$4:$A$947,0),MATCH(Graphs!CU$4,Data!$P$3:$Z$3,0)))} -> #N/A | CV28: {=IF(INDEX(Data!$P$4:$Z$947,MATCH(Graphs!$CK28,Data!$A$4:$A$947,0),MATCH(Graphs!CV$4,Data!$P$3:$Z$3,0))="n.q.",NA(),INDEX(Data!$P$4:$Z$947,MATCH(Graphs!$CK28,Data!$A$4:$A$947,0),MATCH(Graphs!CV$4,Data!$P$3:$Z$3,0)))} -> #N/A
CK29: =Data!A28 -> 45798 | CL29: {=IF(INDEX(Data!$B$4:$L$947,MATCH(Graphs!$CK29,Data!$A$4:$A$947,0),MATCH(Graphs!CL$4,Data!$B$3:$L$3,0))="n.q.",NA(),INDEX(Data!$B$4:$L$947,MATCH(Graphs!$CK29,Data!$A$4:$A$947,0),MATCH(Graphs!CL$4,Data!$B$3:$L$3,0)))} -> 243.97 | CM29: {=IF(INDEX(Data!$B$4:$L$947,MATCH(Graphs!$CK29,Data!$A$4:$A$947,0),MATCH(Graphs!CM$4,Data!$B$3:$L$3,0))="n.q.",NA(),INDEX(Data!$B$4:$L$947,MATCH(Graphs!$CK29,Data!$A$4:$A$947,0),MATCH(Graphs!CM$4,Data!$B$3:$L$3,0)))} -> 242.69 | CN29: {=IF(INDEX(Data!$B$4:$L$947,MATCH(Graphs!$CK29,Data!$A$4:$A$947,0),MATCH(Graphs!CN$4,Data!$B$3:$L$3,0))="n.q.",NA(),INDEX(Data!$B$4:$L$947,MATCH(Graphs!$CK29,Data!$A$4:$A$947,0),MATCH(Graphs!CN$4,Data!$B$3:$L$3,0)))} -> 235 | CO29: {=IF(INDEX(Data!$B$4:$L$947,MATCH(Graphs!$CK29,Data!$A$4:$A$947,0),MATCH(Graphs!CO$4,Data!$B$3:$L$3,0))="n.q.",NA(),INDEX(Data!$B$4:$L$947,MATCH(Graphs!$CK29,Data!$A$4:$A$947,0),MATCH(Graphs!CO$4,Data!$B$3:$L$3,0)))} -> #N/A | CP29: {=IF(INDEX(Data!$B$4:$L$947,MATCH(Graphs!$CK29,Data!$A$4:$A$947,0),MATCH(Graphs!CP$4,Data!$B$3:$L$3,0))="n.q.",NA(),INDEX(Data!$B$4:$L$947,MATCH(Graphs!$CK29,Data!$A$4:$A$947,0),MATCH(Graphs!CP$4,Data!$B$3:$L$3,0)))} -> #N/A | CR29: {=IF(INDEX(Data!$P$4:$Z$947,MATCH(Graphs!$CK29,Data!$A$4:$A$947,0),MATCH(Graphs!CR$4,Data!$P$3:$Z$3,0))="n.q.",NA(),INDEX(Data!$P$4:$Z$947,MATCH(Graphs!$CK29,Data!$A$4:$A$947,0),MATCH(Graphs!CR$4,Data!$P$3:$Z$3,0)))} -> 187.43044 | CS29: {=IF(INDEX(Data!$P$4:$Z$947,MATCH(Graphs!$CK29,Data!$A$4:$A$947,0),MATCH(Graphs!CS$4,Data!$P$3:$Z$3,0))="n.q.",NA(),INDEX(Data!$P$4:$Z$947,MATCH(Graphs!$CK29,Data!$A$4:$A$947,0),MATCH(Graphs!CS$4,Data!$P$3:$Z$3,0)))} -> #N/A | CT29: {=IF(INDEX(Data!$P$4:$Z$947,MATCH(Graphs!$CK29,Data!$A$4:$A$947,0),MATCH(Graphs!CT$4,Data!$P$3:$Z$3,0))="n.q.",NA(),INDEX(Data!$P$4:$Z$947,MATCH(Graphs!$CK29,Data!$A$4:$A$947,0),MATCH(Graphs!CT$4,Data!$P$3:$Z$3,0)))} -> 213.76204 | CU29: {=IF(INDEX(Data!$P$4:$Z$947,MATCH(Graphs!$CK29,Data!$A$4:$A$947,0),MATCH(Graphs!CU$4,Data!$P$3:$Z$3,0))="n.q.",NA(),INDEX(Data!$P$4:$Z$947,MATCH(Graphs!$CK29,Data!$A$4:$A$947,0),MATCH(Graphs!CU$4,Data!$P$3:$Z$3,0)))} -> #N/A | CV29: {=IF(INDEX(Data!$P$4:$Z$947,MATCH(Graphs!$CK29,Data!$A$4:$A$947,0),MATCH(Graphs!CV$4,Data!$P$3:$Z$3,0))="n.q.",NA(),INDEX(Data!$P$4:$Z$947,MATCH(Graphs!$CK29,Data!$A$4:$A$947,0),MATCH(Graphs!CV$4,Data!$P$3:$Z$3,0)))} -> #N/A
CK30: =Data!A29 -> 45791 | CL30: {=IF(INDEX(Data!$B$4:$L$947,MATCH(Graphs!$CK30,Data!$A$4:$A$947,0),MATCH(Graphs!CL$4,Data!$B$3:$L$3,0))="n.q.",NA(),INDEX(Data!$B$4:$L$947,MATCH(Graphs!$CK30,Data!$A$4:$A$947,0),MATCH(Graphs!CL$4,Data!$B$3:$L$3,0)))} -> 230.37 | CM30: {=IF(INDEX(Data!$B$4:$L$947,MATCH(Graphs!$CK30,Data!$A$4:$A$947,0),MATCH(Graphs!CM$4,Data!$B$3:$L$3,0))="n.q.",NA(),INDEX(Data!$B$4:$L$947,MATCH(Graphs!$CK30,Data!$A$4:$A$947,0),MATCH(Graphs!CM$4,Data!$B$3:$L$3,0)))} -> 234.42 | CN30: {=IF(INDEX(Data!$B$4:$L$947,MATCH(Graphs!$CK30,Data!$A$4:$A$947,0),MATCH(Graphs!CN$4,Data!$B$3:$L$3,0))="n.q.",NA(),INDEX(Data!$B$4:$L$947,MATCH(Graphs!$CK30,Data!$A$4:$A$947,0),MATCH(Graphs!CN$4,Data!$B$3:$L$3,0)))} -> 232 | CO30: {=IF(INDEX(Data!$B$4:$L$947,MATCH(Graphs!$CK30,Data!$A$4:$A$947,0),MATCH(Graphs!CO$4,Data!$B$3:$L$3,0))="n.q.",NA(),INDEX(Data!$B$4:$L$947,MATCH(Graphs!$CK30,Data!$A$4:$A$947,0),MATCH(Graphs!CO$4,Data!$B$3:$L$3,0)))} -> #N/A | CP30: {=IF(INDEX(Data!$B$4:$L$947,MATCH(Graphs!$CK30,Data!$A$4:$A$947,0),MATCH(Graphs!CP$4,Data!$B$3:$L$3,0))="n.q.",NA(),INDEX(Data!$B$4:$L$947,MATCH(Graphs!$CK30,Data!$A$4:$A$947,0),MATCH(Graphs!CP$4,Data!$B$3:$L$3,0)))} -> #N/A | CR30: {=IF(INDEX(Data!$P$4:$Z$947,MATCH(Graphs!$CK30,Data!$A$4:$A$947,0),MATCH(Graphs!CR$4,Data!$P$3:$Z$3,0))="n.q.",NA(),INDEX(Data!$P$4:$Z$947,MATCH(Graphs!$CK30,Data!$A$4:$A$947,0),MATCH(Graphs!CR$4,Data!$P$3:$Z$3,0)))} -> 183.43142 | CS30: {=IF(INDEX(Data!$P$4:$Z$947,MATCH(Graphs!$CK30,Data!$A$4:$A$947,0),MATCH(Graphs!CS$4,Data!$P$3:$Z$3,0))="n.q.",NA(),INDEX(Data!$P$4:$Z$947,MATCH(Graphs!$CK30,Data!$A$4:$A$947,0),MATCH(Graphs!CS$4,Data!$P$3:$Z$3,0)))} -> #N/A | CT30: {=IF(INDEX(Data!$P$4:$Z$947,MATCH(Graphs!$CK30,Data!$A$4:$A$947,0),MATCH(Graphs!CT$4,Data!$P$3:$Z$3,0))="n.q.",NA(),INDEX(Data!$P$4:$Z$947,MATCH(Graphs!$CK30,Data!$A$4:$A$947,0),MATCH(Graphs!CT$4,Data!$P$3:$Z$3,0)))} -> 216.69342 | CU30: {=IF(INDEX(Data!$P$4:$Z$947,MATCH(Graphs!$CK30,Data!$A$4:$A$947,0),MATCH(Graphs!CU$4,Data!$P$3:$Z$3,0))="n.q.",NA(),INDEX(Data!$P$4:$Z$947,MATCH(Graphs!$CK30,Data!$A$4:$A$947,0),MATCH(Graphs!CU$4,Data!$P$3:$Z$3,0)))} -> #N/A | CV30: {=IF(INDEX(Data!$P$4:$Z$947,MATCH(Graphs!$CK30,Data!$A$4:$A$947,0),MATCH(Graphs!CV$4,Data!$P$3:$Z$3,0))="n.q.",NA(),INDEX(Data!$P$4:$Z$947,MATCH(Graphs!$CK30,Data!$A$4:$A$947,0),MATCH(Graphs!CV$4,Data!$P$3:$Z$3,0)))} -> #N/A
CK31: =Data!A30 -> 45784 | CL31: {=IF(INDEX(Data!$B$4:$L$947,MATCH(Graphs!$CK31,Data!$A$4:$A$947,0),MATCH(Graphs!CL$4,Data!$B$3:$L$3,0))="n.q.",NA(),INDEX(Data!$B$4:$L$947,MATCH(Graphs!$CK31,Data!$A$4:$A$947,0),MATCH(Graphs!CL$4,Data!$B$3:$L$3,0)))} -> 233.86 | CM31: {=IF(INDEX(Data!$B$4:$L$947,MATCH(Graphs!$CK31,Data!$A$4:$A$947,0),MATCH(Graphs!CM$4,Data!$B$3:$L$3,0))="n.q.",NA(),INDEX(Data!$B$4:$L$947,MATCH(Graphs!$CK31,Data!$A$4:$A$947,0),MATCH(Graphs!CM$4,Data!$B$3:$L$3,0)))} -> 238.65 | CN31: {=IF(INDEX(Data!$B$4:$L$947,MATCH(Graphs!$CK31,Data!$A$4:$A$947,0),MATCH(Graphs!CN$4,Data!$B$3:$L$3,0))="n.q.",NA(),INDEX(Data!$B$4:$L$947,MATCH(Graphs!$CK31,Data!$A$4:$A$947,0),MATCH(Graphs!CN$4,Data!$B$3:$L$3,0)))} -> 234 | CO31: {=IF(INDEX(Data!$B$4:$L$947,MATCH(Graphs!$CK31,Data!$A$4:$A$947,0),MATCH(Graphs!CO$4,Data!$B$3:$L$3,0))="n.q.",NA(),INDEX(Data!$B$4:$L$947,MATCH(Graphs!$CK31,Data!$A$4:$A$947,0),MATCH(Graphs!CO$4,Data!$B$3:$L$3,0)))} -> #N/A | CP31: {=IF(INDEX(Data!$B$4:$L$947,MATCH(Graphs!$CK31,Data!$A$4:$A$947,0),MATCH(Graphs!CP$4,Data!$B$3:$L$3,0))="n.q.",NA(),INDEX(Data!$B$4:$L$947,MATCH(Graphs!$CK31,Data!$A$4:$A$947,0),MATCH(Graphs!CP$4,Data!$B$3:$L$3,0)))} -> #N/A | CR31: {=IF(INDEX(Data!$P$4:$Z$947,MATCH(Graphs!$CK31,Data!$A$4:$A$947,0),MATCH(Graphs!CR$4,Data!$P$3:$Z$3,0))="n.q.",NA(),INDEX(Data!$P$4:$Z$947,MATCH(Graphs!$CK31,Data!$A$4:$A$947,0),MATCH(Graphs!CR$4,Data!$P$3:$Z$3,0)))} -> 182.72007 | CS31: {=IF(INDEX(Data!$P$4:$Z$947,MATCH(Graphs!$CK31,Data!$A$4:$A$947,0),MATCH(Graphs!CS$4,Data!$P$3:$Z$3,0))="n.q.",NA(),INDEX(Data!$P$4:$Z$947,MATCH(Graphs!$CK31,Data!$A$4:$A$947,0),MATCH(Graphs!CS$4,Data!$P$3:$Z$3,0)))} -> #N/A | CT31: {=IF(INDEX(Data!$P$4:$Z$947,MATCH(Graphs!$CK31,Data!$A$4:$A$947,0),MATCH(Graphs!CT$4,Data!$P$3:$Z$3,0))="n.q.",NA(),INDEX(Data!$P$4:$Z$947,MATCH(Graphs!$CK31,Data!$A$4:$A$947,0),MATCH(Graphs!CT$4,Data!$P$3:$Z$3,0)))} -> 218.30986 | CU31: {=IF(INDEX(Data!$P$4:$Z$947,MATCH(Graphs!$CK31,Data!$A$4:$A$947,0),MATCH(Graphs!CU$4,Data!$P$3:$Z$3,0))="n.q.",NA(),INDEX(Data!$P$4:$Z$947,MATCH(Graphs!$CK31,Data!$A$4:$A$947,0),MATCH(Graphs!CU$4,Data!$P$3:$Z$3,0)))} -> #N/A | CV31: {=IF(INDEX(Data!$P$4:$Z$947,MATCH(Graphs!$CK31,Data!$A$4:$A$947,0),MATCH(Graphs!CV$4,Data!$P$3:$Z$3,0))="n.q.",NA(),INDEX(Data!$P$4:$Z$947,MATCH(Graphs!$CK31,Data!$A$4:$A$947,0),MATCH(Graphs!CV$4,Data!$P$3:$Z$3,0)))} -> #N/A
CK32: =Data!A31 -> 45777 | CL32: {=IF(INDEX(Data!$B$4:$L$947,MATCH(Graphs!$CK32,Data!$A$4:$A$947,0),MATCH(Graphs!CL$4,Data!$B$3:$L$3,0))="n.q.",NA(),INDEX(Data!$B$4:$L$947,MATCH(Graphs!$CK32,Data!$A$4:$A$947,0),MATCH(Graphs!CL$4,Data!$B$3:$L$3,0)))} -> 236.21 | CM32: {=IF(INDEX(Data!$B$4:$L$947,MATCH(Graphs!$CK32,Data!$A$4:$A$947,0),MATCH(Graphs!CM$4,Data!$B$3:$L$3,0))="n.q.",NA(),INDEX(Data!$B$4:$L$947,MATCH(Graphs!$CK32,Data!$A$4:$A$947,0),MATCH(Graphs!CM$4,Data!$B$3:$L$3,0)))} -> 238.65 | CN32: {=IF(INDEX(Data!$B$4:$L$947,MATCH(Graphs!$CK32,Data!$A$4:$A$947,0),MATCH(Graphs!CN$4,Data!$B$3:$L$3,0))="n.q.",NA(),INDEX(Data!$B$4:$L$947,MATCH(Graphs!$CK32,Data!$A$4:$A$947,0),MATCH(Graphs!CN$4,Data!$B$3:$L$3,0)))} -> 234 | CO32: {=IF(INDEX(Data!$B$4:$L$947,MATCH(Graphs!$CK32,Data!$A$4:$A$947,0),MATCH(Graphs!CO$4,Data!$B$3:$L$3,0))="n.q.",NA(),INDEX(Data!$B$4:$L$947,MATCH(Graphs!$CK32,Data!$A$4:$A$947,0),MATCH(Graphs!CO$4,Data!$B$3:$L$3,0)))} -> #N/A | CP32: {=IF(INDEX(Data!$B$4:$L$947,MATCH(Graphs!$CK32,Data!$A$4:$A$947,0),MATCH(Graphs!CP$4,Data!$B$3:$L$3,0))="n.q.",NA(),INDEX(Data!$B$4:$L$947,MATCH(Graphs!$CK32,Data!$A$4:$A$947,0),MATCH(Graphs!CP$4,Data!$B$3:$L$3,0)))} -> #N/A | CR32: {=IF(INDEX(Data!$P$4:$Z$947,MATCH(Graphs!$CK32,Data!$A$4:$A$947,0),MATCH(Graphs!CR$4,Data!$P$3:$Z$3,0))="n.q.",NA(),INDEX(Data!$P$4:$Z$947,MATCH(Graphs!$CK32,Data!$A$4:$A$947,0),MATCH(Graphs!CR$4,Data!$P$3:$Z$3,0)))} -> 189.51904 | CS32: {=IF(INDEX(Data!$P$4:$Z$947,MATCH(Graphs!$CK32,Data!$A$4:$A$947,0),MATCH(Graphs!CS$4,Data!$P$3:$Z$3,0))="n.q.",NA(),INDEX(Data!$P$4:$Z$947,MATCH(Graphs!$CK32,Data!$A$4:$A$947,0),MATCH(Graphs!CS$4,Data!$P$3:$Z$3,0)))} -> #N/A | CT32: {=IF(INDEX(Data!$P$4:$Z$947,MATCH(Graphs!$CK32,Data!$A$4:$A$947,0),MATCH(Graphs!CT$4,Data!$P$3:$Z$3,0))="n.q.",NA(),INDEX(Data!$P$4:$Z$947,MATCH(Graphs!$CK32,Data!$A$4:$A$947,0),MATCH(Graphs!CT$4,Data!$P$3:$Z$3,0)))} -> 218.93959 | CU32: {=IF(INDEX(Data!$P$4:$Z$947,MATCH(Graphs!$CK32,Data!$A$4:$A$947,0),MATCH(Graphs!CU$4,Data!$P$3:$Z$3,0))="n.q.",NA(),INDEX(Data!$P$4:$Z$947,MATCH(Graphs!$CK32,Data!$A$4:$A$947,0),MATCH(Graphs!CU$4,Data!$P$3:$Z$3,0)))} -> #N/A | CV32: {=IF(INDEX(Data!$P$4:$Z$947,MATCH(Graphs!$CK32,Data!$A$4:$A$947,0),MATCH(Graphs!CV$4,Data!$P$3:$Z$3,0))="n.q.",NA(),INDEX(Data!$P$4:$Z$947,MATCH(Graphs!$CK32,Data!$A$4:$A$947,0),MATCH(Graphs!CV$4,Data!$P$3:$Z$3,0)))} -> #N/A
CK33: =Data!A32 -> 45770 | CL33: {=IF(INDEX(Data!$B$4:$L$947,MATCH(Graphs!$CK33,Data!$A$4:$A$947,0),MATCH(Graphs!CL$4,Data!$B$3:$L$3,0))="n.q.",NA(),INDEX(Data!$B$4:$L$947,MATCH(Graphs!$CK33,Data!$A$4:$A$947,0),MATCH(Graphs!CL$4,Data!$B$3:$L$3,0)))} -> 240.71 | CM33: {=IF(INDEX(Data!$B$4:$L$947,MATCH(Graphs!$CK33,Data!$A$4:$A$947,0),MATCH(Graphs!CM$4,Data!$B$3:$L$3,0))="n.q.",NA(),INDEX(Data!$B$4:$L$947,MATCH(Graphs!$CK33,Data!$A$4:$A$947,0),MATCH(Graphs!CM$4,Data!$B$3:$L$3,0)))} -> 245.36 | CN33: {=IF(INDEX(Data!$B$4:$L$947,MATCH(Graphs!$CK33,Data!$A$4:$A$947,0),MATCH(Graphs!CN$4,Data!$B$3:$L$3,0))="n.q.",NA(),INDEX(Data!$B$4:$L$947,MATCH(Graphs!$CK33,Data!$A$4:$A$947,0),MATCH(Graphs!CN$4,Data!$B$3:$L$3,0)))} -> 235 | CO33: {=IF(INDEX(Data!$B$4:$L$947,MATCH(Graphs!$CK33,Data!$A$4:$A$947,0),MATCH(Graphs!CO$4,Data!$B$3:$L$3,0))="n.q.",NA(),INDEX(Data!$B$4:$L$947,MATCH(Graphs!$CK33,Data!$A$4:$A$947,0),MATCH(Graphs!CO$4,Data!$B$3:$L$3,0)))} -> #N/A | CP33: {=IF(INDEX(Data!$B$4:$L$947,MATCH(Graphs!$CK33,Data!$A$4:$A$947,0),MATCH(Graphs!CP$4,Data!$B$3:$L$3,0))="n.q.",NA(),INDEX(Data!$B$4:$L$947,MATCH(Graphs!$CK33,Data!$A$4:$A$947,0),MATCH(Graphs!CP$4,Data!$B$3:$L$3,0)))} -> #N/A | CR33: {=IF(INDEX(Data!$P$4:$Z$947,MATCH(Graphs!$CK33,Data!$A$4:$A$947,0),MATCH(Graphs!CR$4,Data!$P$3:$Z$3,0))="n.q.",NA(),INDEX(Data!$P$4:$Z$947,MATCH(Graphs!$CK33,Data!$A$4:$A$947,0),MATCH(Graphs!CR$4,Data!$P$3:$Z$3,0)))} -> 190.72273 | CS33: {=IF(INDEX(Data!$P$4:$Z$947,MATCH(Graphs!$CK33,Data!$A$4:$A$947,0),MATCH(Graphs!CS$4,Data!$P$3:$Z$3,0))="n.q.",NA(),INDEX(Data!$P$4:$Z$947,MATCH(Graphs!$CK33,Data!$A$4:$A$947,0),MATCH(Graphs!CS$4,Data!$P$3:$Z$3,0)))} -> #N/A | CT33: {=IF(INDEX(Data!$P$4:$Z$947,MATCH(Graphs!$CK33,Data!$A$4:$A$947,0),MATCH(Graphs!CT$4,Data!$P$3:$Z$3,0))="n.q.",NA(),INDEX(Data!$P$4:$Z$947,MATCH(Graphs!$CK33,Data!$A$4:$A$947,0),MATCH(Graphs!CT$4,Data!$P$3:$Z$3,0)))} -> 212.87779 | CU33: {=IF(INDEX(Data!$P$4:$Z$947,MATCH(Graphs!$CK33,Data!$A$4:$A$947,0),MATCH(Graphs!CU$4,Data!$P$3:$Z$3,0))="n.q.",NA(),INDEX(Data!$P$4:$Z$947,MATCH(Graphs!$CK33,Data!$A$4:$A$947,0),MATCH(Graphs!CU$4,Data!$P$3:$Z$3,0)))} -> #N/A | CV33: {=IF(INDEX(Data!$P$4:$Z$947,MATCH(Graphs!$CK33,Data!$A$4:$A$947,0),MATCH(Graphs!CV$4,Data!$P$3:$Z$3,0))="n.q.",NA(),INDEX(Data!$P$4:$Z$947,MATCH(Graphs!$CK33,Data!$A$4:$A$947,0),MATCH(Graphs!CV$4,Data!$P$3:$Z$3,0)))} -> #N/A
CK34: =Data!A33 -> 45763 | CL34: {=IF(INDEX(Data!$B$4:$L$947,MATCH(Graphs!$CK34,Data!$A$4:$A$947,0),MATCH(Graphs!CL$4,Data!$B$3:$L$3,0))="n.q.",NA(),INDEX(Data!$B$4:$L$947,MATCH(Graphs!$CK34,Data!$A$4:$A$947,0),MATCH(Graphs!CL$4,Data!$B$3:$L$3,0)))} -> 243.77 | CM34: {=IF(INDEX(Data!$B$4:$L$947,MATCH(Graphs!$CK34,Data!$A$4:$A$947,0),MATCH(Graphs!CM$4,Data!$B$3:$L$3,0))="n.q.",NA(),INDEX(Data!$B$4:$L$947,MATCH(Graphs!$CK34,Data!$A$4:$A$947,0),MATCH(Graphs!CM$4,Data!$B$3:$L$3,0)))} -> 250.96 | CN34: {=IF(INDEX(Data!$B$4:$L$947,MATCH(Graphs!$CK34,Data!$A$4:$A$947,0),MATCH(Graphs!CN$4,Data!$B$3:$L$3,0))="n.q.",NA(),INDEX(Data!$B$4:$L$947,MATCH(Graphs!$CK34,Data!$A$4:$A$947,0),MATCH(Graphs!CN$4,Data!$B$3:$L$3,0)))} -> 234 | CO34: {=IF(INDEX(Data!$B$4:$L$947,MATCH(Graphs!$CK34,Data!$A$4:$A$947,0),MATCH(Graphs!CO$4,Data!$B$3:$L$3,0))="n.q.",NA(),INDEX(Data!$B$4:$L$947,MATCH(Graphs!$CK34,Data!$A$4:$A$947,0),MATCH(Graphs!CO$4,Data!$B$3:$L$3,0)))} -> #N/A | CP34: {=IF(INDEX(Data!$B$4:$L$947,MATCH(Graphs!$CK34,Data!$A$4:$A$947,0),MATCH(Graphs!CP$4,Data!$B$3:$L$3,0))="n.q.",NA(),INDEX(Data!$B$4:$L$947,MATCH(Graphs!$CK34,Data!$A$4:$A$947,0),MATCH(Graphs!CP$4,Data!$B$3:$L$3,0)))} -> #N/A | CR34: {=IF(INDEX(Data!$P$4:$Z$947,MATCH(Graphs!$CK34,Data!$A$4:$A$947,0),MATCH(Graphs!CR$4,Data!$P$3:$Z$3,0))="n.q.",NA(),INDEX(Data!$P$4:$Z$947,MATCH(Graphs!$CK34,Data!$A$4:$A$947,0),MATCH(Graphs!CR$4,Data!$P$3:$Z$3,0)))} -> 197.35799 | CS34: {=IF(INDEX(Data!$P$4:$Z$947,MATCH(Graphs!$CK34,Data!$A$4:$A$947,0),MATCH(Graphs!CS$4,Data!$P$3:$Z$3,0))="n.q.",NA(),INDEX(Data!$P$4:$Z$947,MATCH(Graphs!$CK34,Data!$A$4:$A$947,0),MATCH(Graphs!CS$4,Data!$P$3:$Z$3,0)))} -> #N/A | CT34: {=IF(INDEX(Data!$P$4:$Z$947,MATCH(Graphs!$CK34,Data!$A$4:$A$947,0),MATCH(Graphs!CT$4,Data!$P$3:$Z$3,0))="n.q.",NA(),INDEX(Data!$P$4:$Z$947,MATCH(Graphs!$CK34,Data!$A$4:$A$947,0),MATCH(Graphs!CT$4,Data!$P$3:$Z$3,0)))} -> 213.12197 | CU34: {=IF(INDEX(Data!$P$4:$Z$947,MATCH(Graphs!$CK34,Data!$A$4:$A$947,0),MATCH(Graphs!CU$4,Data!$P$3:$Z$3,0))="n.q.",NA(),INDEX(Data!$P$4:$Z$947,MATCH(Graphs!$CK34,Data!$A$4:$A$947,0),MATCH(Graphs!CU$4,Data!$P$3:$Z$3,0)))} -> #N/A | CV34: {=IF(INDEX(Data!$P$4:$Z$947,MATCH(Graphs!$CK34,Data!$A$4:$A$947,0),MATCH(Graphs!CV$4,Data!$P$3:$Z$3,0))="n.q.",NA(),INDEX(Data!$P$4:$Z$947,MATCH(Graphs!$CK34,Data!$A$4:$A$947,0),MATCH(Graphs!CV$4,Data!$P$3:$Z$3,0)))} -> #N/A
CK35: =Data!A34 -> 45756 | CL35: {=IF(INDEX(Data!$B$4:$L$947,MATCH(Graphs!$CK35,Data!$A$4:$A$947,0),MATCH(Graphs!CL$4,Data!$B$3:$L$3,0))="n.q.",NA(),INDEX(Data!$B$4:$L$947,MATCH(Graphs!$CK35,Data!$A$4:$A$947,0),MATCH(Graphs!CL$4,Data!$B$3:$L$3,0)))} -> 247.44 | CM35: {=IF(INDEX(Data!$B$4:$L$947,MATCH(Graphs!$CK35,Data!$A$4:$A$947,0),MATCH(Graphs!CM$4,Data!$B$3:$L$3,0))="n.q.",NA(),INDEX(Data!$B$4:$L$947,MATCH(Graphs!$CK35,Data!$A$4:$A$947,0),MATCH(Graphs!CM$4,Data!$B$3:$L$3,0)))} -> 254.63 | CN35: {=IF(INDEX(Data!$B$4:$L$947,MATCH(Graphs!$CK35,Data!$A$4:$A$947,0),MATCH(Graphs!CN$4,Data!$B$3:$L$3,0))="n.q.",NA(),INDEX(Data!$B$4:$L$947,MATCH(Graphs!$CK35,Data!$A$4:$A$947,0),MATCH(Graphs!CN$4,Data!$B$3:$L$3,0)))} -> 234 | CO35: {=IF(INDEX(Data!$B$4:$L$947,MATCH(Graphs!$CK35,Data!$A$4:$A$947,0),MATCH(Graphs!CO$4,Data!$B$3:$L$3,0))="n.q.",NA(),INDEX(Data!$B$4:$L$947,MATCH(Graphs!$CK35,Data!$A$4:$A$947,0),MATCH(Graphs!CO$4,Data!$B$3:$L$3,0)))} -> #N/A | CP35: {=IF(INDEX(Data!$B$4:$L$947,MATCH(Graphs!$CK35,Data!$A$4:$A$947,0),MATCH(Graphs!CP$4,Data!$B$3:$L$3,0))="n.q.",NA(),INDEX(Data!$B$4:$L$947,MATCH(Graphs!$CK35,Data!$A$4:$A$947,0),MATCH(Graphs!CP$4,Data!$B$3:$L$3,0)))} -> #N/A | CR35: {=IF(INDEX(Data!$P$4:$Z$947,MATCH(Graphs!$CK35,Data!$A$4:$A$947,0),MATCH(Graphs!CR$4,Data!$P$3:$Z$3,0))="n.q.",NA(),INDEX(Data!$P$4:$Z$947,MATCH(Graphs!$CK35,Data!$A$4:$A$947,0),MATCH(Graphs!CR$4,Data!$P$3:$Z$3,0)))} -> 198.53327 | CS35: {=IF(INDEX(Data!$P$4:$Z$947,MATCH(Graphs!$CK35,Data!$A$4:$A$947,0),MATCH(Graphs!CS$4,Data!$P$3:$Z$3,0))="n.q.",NA(),INDEX(Data!$P$4:$Z$947,MATCH(Graphs!$CK35,Data!$A$4:$A$947,0),MATCH(Graphs!CS$4,Data!$P$3:$Z$3,0)))} -> #N/A | CT35: {=IF(INDEX(Data!$P$4:$Z$947,MATCH(Graphs!$CK35,Data!$A$4:$A$947,0),MATCH(Graphs!CT$4,Data!$P$3:$Z$3,0))="n.q.",NA(),INDEX(Data!$P$4:$Z$947,MATCH(Graphs!$CK35,Data!$A$4:$A$947,0),MATCH(Graphs!CT$4,Data!$P$3:$Z$3,0)))} -> 219.10367 | CU35: {=IF(INDEX(Data!$P$4:$Z$947,MATCH(Graphs!$CK35,Data!$A$4:$A$947,0),MATCH(Graphs!CU$4,Data!$P$3:$Z$3,0))="n.q.",NA(),INDEX(Data!$P$4:$Z$947,MATCH(Graphs!$CK35,Data!$A$4:$A$947,0),MATCH(Graphs!CU$4,Data!$P$3:$Z$3,0)))} -> #N/A | CV35: {=IF(INDEX(Data!$P$4:$Z$947,MATCH(Graphs!$CK35,Data!$A$4:$A$947,0),MATCH(Graphs!CV$4,Data!$P$3:$Z$3,0))="n.q.",NA(),INDEX(Data!$P$4:$Z$947,MATCH(Graphs!$CK35,Data!$A$4:$A$947,0),MATCH(Graphs!CV$4,Data!$P$3:$Z$3,0)))} -> #N/A
CK36: =Data!A35 -> 45749 | CL36: {=IF(INDEX(Data!$B$4:$L$947,MATCH(Graphs!$CK36,Data!$A$4:$A$947,0),MATCH(Graphs!CL$4,Data!$B$3:$L$3,0))="n.q.",NA(),INDEX(Data!$B$4:$L$947,MATCH(Graphs!$CK36,Data!$A$4:$A$947,0),MATCH(Graphs!CL$4,Data!$B$3:$L$3,0)))} -> 243.61 | CM36: {=IF(INDEX(Data!$B$4:$L$947,MATCH(Graphs!$CK36,Data!$A$4:$A$947,0),MATCH(Graphs!CM$4,Data!$B$3:$L$3,0))="n.q.",NA(),INDEX(Data!$B$4:$L$947,MATCH(Graphs!$CK36,Data!$A$4:$A$947,0),MATCH(Graphs!CM$4,Data!$B$3:$L$3,0)))} -> 254.82 | CN36: {=IF(INDEX(Data!$B$4:$L$947,MATCH(Graphs!$CK36,Data!$A$4:$A$947,0),MATCH(Graphs!CN$4,Data!$B$3:$L$3,0))="n.q.",NA(),INDEX(Data!$B$4:$L$947,MATCH(Graphs!$CK36,Data!$A$4:$A$947,0),MATCH(Graphs!CN$4,Data!$B$3:$L$3,0)))} -> 236 | CO36: {=IF(INDEX(Data!$B$4:$L$947,MATCH(Graphs!$CK36,Data!$A$4:$A$947,0),MATCH(Graphs!CO$4,Data!$B$3:$L$3,0))="n.q.",NA(),INDEX(Data!$B$4:$L$947,MATCH(Graphs!$CK36,Data!$A$4:$A$947,0),MATCH(Graphs!CO$4,Data!$B$3:$L$3,0)))} -> #N/A | CP36: {=IF(INDEX(Data!$B$4:$L$947,MATCH(Graphs!$CK36,Data!$A$4:$A$947,0),MATCH(Graphs!CP$4,Data!$B$3:$L$3,0))="n.q.",NA(),INDEX(Data!$B$4:$L$947,MATCH(Graphs!$CK36,Data!$A$4:$A$947,0),MATCH(Graphs!CP$4,Data!$B$3:$L$3,0)))} -> #N/A | CR36: {=IF(INDEX(Data!$P$4:$Z$947,MATCH(Graphs!$CK36,Data!$A$4:$A$947,0),MATCH(Graphs!CR$4,Data!$P$3:$Z$3,0))="n.q.",NA(),INDEX(Data!$P$4:$Z$947,MATCH(Graphs!$CK36,Data!$A$4:$A$947,0),MATCH(Graphs!CR$4,Data!$P$3:$Z$3,0)))} -> 195.24206 | CS36: {=IF(INDEX(Data!$P$4:$Z$947,MATCH(Graphs!$CK36,Data!$A$4:$A$947,0),MATCH(Graphs!CS$4,Data!$P$3:$Z$3,0))="n.q.",NA(),INDEX(Data!$P$4:$Z$947,MATCH(Graphs!$CK36,Data!$A$4:$A$947,0),MATCH(Graphs!CS$4,Data!$P$3:$Z$3,0)))} -> #N/A | CT36: {=IF(INDEX(Data!$P$4:$Z$947,MATCH(Graphs!$CK36,Data!$A$4:$A$947,0),MATCH(Graphs!CT$4,Data!$P$3:$Z$3,0))="n.q.",NA(),INDEX(Data!$P$4:$Z$947,MATCH(Graphs!$CK36,Data!$A$4:$A$947,0),MATCH(Graphs!CT$4,Data!$P$3:$Z$3,0)))} -> 221.23484 | CU36: {=IF(INDEX(Data!$P$4:$Z$947,MATCH(Graphs!$CK36,Data!$A$4:$A$947,0),MATCH(Graphs!CU$4,Data!$P$3:$Z$3,0))="n.q.",NA(),INDEX(Data!$P$4:$Z$947,MATCH(Graphs!$CK36,Data!$A$4:$A$947,0),MATCH(Graphs!CU$4,Data!$P$3:$Z$3,0)))} -> #N/A | CV36: {=IF(INDEX(Data!$P$4:$Z$947,MATCH(Graphs!$CK36,Data!$A$4:$A$947,0),MATCH(Graphs!CV$4,Data!$P$3:$Z$3,0))="n.q.",NA(),INDEX(Data!$P$4:$Z$947,MATCH(Graphs!$CK36,Data!$A$4:$A$947,0),MATCH(Graphs!CV$4,Data!$P$3:$Z$3,0)))} -> #N/A
CK37: =Data!A36 -> 45742 | CL37: {=IF(INDEX(Data!$B$4:$L$947,MATCH(Graphs!$CK37,Data!$A$4:$A$947,0),MATCH(Graphs!CL$4,Data!$B$3:$L$3,0))="n.q.",NA(),INDEX(Data!$B$4:$L$947,MATCH(Graphs!$CK37,Data!$A$4:$A$947,0),MATCH(Graphs!CL$4,Data!$B$3:$L$3,0)))} -> 240.81 | CM37: {=IF(INDEX(Data!$B$4:$L$947,MATCH(Graphs!$CK37,Data!$A$4:$A$947,0),MATCH(Graphs!CM$4,Data!$B$3:$L$3,0))="n.q.",NA(),INDEX(Data!$B$4:$L$947,MATCH(Graphs!$CK37,Data!$A$4:$A$947,0),MATCH(Graphs!CM$4,Data!$B$3:$L$3,0)))} -> 253.53 | CN37: {=IF(INDEX(Data!$B$4:$L$947,MATCH(Graphs!$CK37,Data!$A$4:$A$947,0),MATCH(Graphs!CN$4,Data!$B$3:$L$3,0))="n.q.",NA(),INDEX(Data!$B$4:$L$947,MATCH(Graphs!$CK37,Data!$A$4:$A$947,0),MATCH(Graphs!CN$4,Data!$B$3:$L$3,0)))} -> 237 | CO37: {=IF(INDEX(Data!$B$4:$L$947,MATCH(Graphs!$CK37,Data!$A$4:$A$947,0),MATCH(Graphs!CO$4,Data!$B$3:$L$3,0))="n.q.",NA(),INDEX(Data!$B$4:$L$947,MATCH(Graphs!$CK37,Data!$A$4:$A$947,0),MATCH(Graphs!CO$4,Data!$B$3:$L$3,0)))} -> #N/A | CP37: {=IF(INDEX(Data!$B$4:$L$947,MATCH(Graphs!$CK37,Data!$A$4:$A$947,0),MATCH(Graphs!CP$4,Data!$B$3:$L$3,0))="n.q.",NA(),INDEX(Data!$B$4:$L$947,MATCH(Graphs!$CK37,Data!$A$4:$A$947,0),MATCH(Graphs!CP$4,Data!$B$3:$L$3,0)))} -> #N/A | CR37: {=IF(INDEX(Data!$P$4:$Z$947,MATCH(Graphs!$CK37,Data!$A$4:$A$947,0),MATCH(Graphs!CR$4,Data!$P$3:$Z$3,0))="n.q.",NA(),INDEX(Data!$P$4:$Z$947,MATCH(Graphs!$CK37,Data!$A$4:$A$947,0),MATCH(Graphs!CR$4,Data!$P$3:$Z$3,0)))} -> 191.31442 | CS37: {=IF(INDEX(Data!$P$4:$Z$947,MATCH(Graphs!$CK37,Data!$A$4:$A$947,0),MATCH(Graphs!CS$4,Data!$P$3:$Z$3,0))="n.q.",NA(),INDEX(Data!$P$4:$Z$947,MATCH(Graphs!$CK37,Data!$A$4:$A$947,0),MATCH(Graphs!CS$4,Data!$P$3:$Z$3,0)))} -> #N/A | CT37: {=IF(INDEX(Data!$P$4:$Z$947,MATCH(Graphs!$CK37,Data!$A$4:$A$947,0),MATCH(Graphs!CT$4,Data!$P$3:$Z$3,0))="n.q.",NA(),INDEX(Data!$P$4:$Z$947,MATCH(Graphs!$CK37,Data!$A$4:$A$947,0),MATCH(Graphs!CT$4,Data!$P$3:$Z$3,0)))} -> 219.68854 | CU37: {=IF(INDEX(Data!$P$4:$Z$947,MATCH(Graphs!$CK37,Data!$A$4:$A$947,0),MATCH(Graphs!CU$4,Data!$P$3:$Z$3,0))="n.q.",NA(),INDEX(Data!$P$4:$Z$947,MATCH(Graphs!$CK37,Data!$A$4:$A$947,0),MATCH(Graphs!CU$4,Data!$P$3:$Z$3,0)))} -> #N/A | CV37: {=IF(INDEX(Data!$P$4:$Z$947,MATCH(Graphs!$CK37,Data!$A$4:$A$947,0),MATCH(Graphs!CV$4,Data!$P$3:$Z$3,0))="n.q.",NA(),INDEX(Data!$P$4:$Z$947,MATCH(Graphs!$CK37,Data!$A$4:$A$947,0),MATCH(Graphs!CV$4,Data!$P$3:$Z$3,0)))} -> #N/A
CK38: =Data!A37 -> 45735 | CL38: {=IF(INDEX(Data!$B$4:$L$947,MATCH(Graphs!$CK38,Data!$A$4:$A$947,0),MATCH(Graphs!CL$4,Data!$B$3:$L$3,0))="n.q.",NA(),INDEX(Data!$B$4:$L$947,MATCH(Graphs!$CK38,Data!$A$4:$A$947,0),MATCH(Graphs!CL$4,Data!$B$3:$L$3,0)))} -> 249.53 | CM38: {=IF(INDEX(Data!$B$4:$L$947,MATCH(Graphs!$CK38,Data!$A$4:$A$947,0),MATCH(Graphs!CM$4,Data!$B$3:$L$3,0))="n.q.",NA(),INDEX(Data!$B$4:$L$947,MATCH(Graphs!$CK38,Data!$A$4:$A$947,0),MATCH(Graphs!CM$4,Data!$B$3:$L$3,0)))} -> 264.46 | CN38: {=IF(INDEX(Data!$B$4:$L$947,MATCH(Graphs!$CK38,Data!$A$4:$A$947,0),MATCH(Graphs!CN$4,Data!$B$3:$L$3,0))="n.q.",NA(),INDEX(Data!$B$4:$L$947,MATCH(Graphs!$CK38,Data!$A$4:$A$947,0),MATCH(Graphs!CN$4,Data!$B$3:$L$3,0)))} -> 237 | CO38: {=IF(INDEX(Data!$B$4:$L$947,MATCH(Graphs!$CK38,Data!$A$4:$A$947,0),MATCH(Graphs!CO$4,Data!$B$3:$L$3,0))="n.q.",NA(),INDEX(Data!$B$4:$L$947,MATCH(Graphs!$CK38,Data!$A$4:$A$947,0),MATCH(Graphs!CO$4,Data!$B$3:$L$3,0)))} -> #N/A | CP38: {=IF(INDEX(Data!$B$4:$L$947,MATCH(Graphs!$CK38,Data!$A$4:$A$947,0),MATCH(Graphs!CP$4,Data!$B$3:$L$3,0))="n.q.",NA(),INDEX(Data!$B$4:$L$947,MATCH(Graphs!$CK38,Data!$A$4:$A$947,0),MATCH(Graphs!CP$4,Data!$B$3:$L$3,0)))} -> #N/A | CR38: {=IF(INDEX(Data!$P$4:$Z$947,MATCH(Graphs!$CK38,Data!$A$4:$A$947,0),MATCH(Graphs!CR$4,Data!$P$3:$Z$3,0))="n.q.",NA(),INDEX(Data!$P$4:$Z$947,MATCH(Graphs!$CK38,Data!$A$4:$A$947,0),MATCH(Graphs!CR$4,Data!$P$3:$Z$3,0)))} -> 194.36542 | CS38: {=IF(INDEX(Data!$P$4:$Z$947,MATCH(Graphs!$CK38,Data!$A$4:$A$947,0),MATCH(Graphs!CS$4,Data!$P$3:$Z$3,0))="n.q.",NA(),INDEX(Data!$P$4:$Z$947,MATCH(Graphs!$CK38,Data!$A$4:$A$947,0),MATCH(Graphs!CS$4,Data!$P$3:$Z$3,0)))} -> #N/A | CT38: {=IF(INDEX(Data!$P$4:$Z$947,MATCH(Graphs!$CK38,Data!$A$4:$A$947,0),MATCH(Graphs!CT$4,Data!$P$3:$Z$3,0))="n.q.",NA(),INDEX(Data!$P$4:$Z$947,MATCH(Graphs!$CK38,Data!$A$4:$A$947,0),MATCH(Graphs!CT$4,Data!$P$3:$Z$3,0)))} -> 217.49105 | CU38: {=IF(INDEX(Data!$P$4:$Z$947,MATCH(Graphs!$CK38,Data!$A$4:$A$947,0),MATCH(Graphs!CU$4,Data!$P$3:$Z$3,0))="n.q.",NA(),INDEX(Data!$P$4:$Z$947,MATCH(Graphs!$CK38,Data!$A$4:$A$947,0),MATCH(Graphs!CU$4,Data!$P$3:$Z$3,0)))} -> #N/A | CV38: {=IF(INDEX(Data!$P$4:$Z$947,MATCH(Graphs!$CK38,Data!$A$4:$A$947,0),MATCH(Graphs!CV$4,Data!$P$3:$Z$3,0))="n.q.",NA(),INDEX(Data!$P$4:$Z$947,MATCH(Graphs!$CK38,Data!$A$4:$A$947,0),MATCH(Graphs!CV$4,Data!$P$3:$Z$3,0)))} -> #N/A
CK39: =Data!A38 -> 45728 | CL39: {=IF(INDEX(Data!$B$4:$L$947,MATCH(Graphs!$CK39,Data!$A$4:$A$947,0),MATCH(Graphs!CL$4,Data!$B$3:$L$3,0))="n.q.",NA(),INDEX(Data!$B$4:$L$947,MATCH(Graphs!$CK39,Data!$A$4:$A$947,0),MATCH(Graphs!CL$4,Data!$B$3:$L$3,0)))} -> 245.62 | CM39: {=IF(INDEX(Data!$B$4:$L$947,MATCH(Graphs!$CK39,Data!$A$4:$A$947,0),MATCH(Graphs!CM$4,Data!$B$3:$L$3,0))="n.q.",NA(),INDEX(Data!$B$4:$L$947,MATCH(Graphs!$CK39,Data!$A$4:$A$947,0),MATCH(Graphs!CM$4,Data!$B$3:$L$3,0)))} -> 256.47 | CN39: {=IF(INDEX(Data!$B$4:$L$947,MATCH(Graphs!$CK39,Data!$A$4:$A$947,0),MATCH(Graphs!CN$4,Data!$B$3:$L$3,0))="n.q.",NA(),INDEX(Data!$B$4:$L$947,MATCH(Graphs!$CK39,Data!$A$4:$A$947,0),MATCH(Graphs!CN$4,Data!$B$3:$L$3,0)))} -> 233 | CO39: {=IF(INDEX(Data!$B$4:$L$947,MATCH(Graphs!$CK39,Data!$A$4:$A$947,0),MATCH(Graphs!CO$4,Data!$B$3:$L$3,0))="n.q.",NA(),INDEX(Data!$B$4:$L$947,MATCH(Graphs!$CK39,Data!$A$4:$A$947,0),MATCH(Graphs!CO$4,Data!$B$3:$L$3,0)))} -> #N/A | CP39: {=IF(INDEX(Data!$B$4:$L$947,MATCH(Graphs!$CK39,Data!$A$4:$A$947,0),MATCH(Graphs!CP$4,Data!$B$3:$L$3,0))="n.q.",NA(),INDEX(Data!$B$4:$L$947,MATCH(Graphs!$CK39,Data!$A$4:$A$947,0),MATCH(Graphs!CP$4,Data!$B$3:$L$3,0)))} -> #N/A | CR39: {=IF(INDEX(Data!$P$4:$Z$947,MATCH(Graphs!$CK39,Data!$A$4:$A$947,0),MATCH(Graphs!CR$4,Data!$P$3:$Z$3,0))="n.q.",NA(),INDEX(Data!$P$4:$Z$947,MATCH(Graphs!$CK39,Data!$A$4:$A$947,0),MATCH(Graphs!CR$4,Data!$P$3:$Z$3,0)))} -> 193.386 | CS39: {=IF(INDEX(Data!$P$4:$Z$947,MATCH(Graphs!$CK39,Data!$A$4:$A$947,0),MATCH(Graphs!CS$4,Data!$P$3:$Z$3,0))="n.q.",NA(),INDEX(Data!$P$4:$Z$947,MATCH(Graphs!$CK39,Data!$A$4:$A$947,0),MATCH(Graphs!CS$4,Data!$P$3:$Z$3,0)))} -> #N/A | CT39: {=IF(INDEX(Data!$P$4:$Z$947,MATCH(Graphs!$CK39,Data!$A$4:$A$947,0),MATCH(Graphs!CT$4,Data!$P$3:$Z$3,0))="n.q.",NA(),INDEX(Data!$P$4:$Z$947,MATCH(Graphs!$CK39,Data!$A$4:$A$947,0),MATCH(Graphs!CT$4,Data!$P$3:$Z$3,0)))} -> 214.03638 | CU39: {=IF(INDEX(Data!$P$4:$Z$947,MATCH(Graphs!$CK39,Data!$A$4:$A$947,0),MATCH(Graphs!CU$4,Data!$P$3:$Z$3,0))="n.q.",NA(),INDEX(Data!$P$4:$Z$947,MATCH(Graphs!$CK39,Data!$A$4:$A$947,0),MATCH(Graphs!CU$4,Data!$P$3:$Z$3,0)))} -> #N/A | CV39: {=IF(INDEX(Data!$P$4:$Z$947,MATCH(Graphs!$CK39,Data!$A$4:$A$947,0),MATCH(Graphs!CV$4,Data!$P$3:$Z$3,0))="n.q.",NA(),INDEX(Data!$P$4:$Z$947,MATCH(Graphs!$CK39,Data!$A$4:$A$947,0),MATCH(Graphs!CV$4,Data!$P$3:$Z$3,0)))} -> #N/A
... CK220: =Data!A219 -> 44461 | CL220: {=IF(INDEX(Data!$B$4:$L$947,MATCH(Graphs!$CK220,Data!$A$4:$A$947,0),MATCH(Graphs!CL$4,Data!$B$3:$L$3,0))="n.q.",NA(),INDEX(Data!$B$4:$L$947,MATCH(Graphs!$CK220,Data!$A$4:$A$947,0),MATCH(Graphs!CL$4,Data!$B$3:$L$3,0)))} -> 304.77 | CM220: {=IF(INDEX(Data!$B$4:$L$947,MATCH(Graphs!$CK220,Data!$A$4:$A$947,0),MATCH(Graphs!CM$4,Data!$B$3:$L$3,0))="n.q.",NA(),INDEX(Data!$B$4:$L$947,MATCH(Graphs!$CK220,Data!$A$4:$A$947,0),MATCH(Graphs!CM$4,Data!$B$3:$L$3,0)))} -> 343.92 | CN220: {=IF(INDEX(Data!$B$4:$L$947,MATCH(Graphs!$CK220,Data!$A$4:$A$947,0),MATCH(Graphs!CN$4,Data!$B$3:$L$3,0))="n.q.",NA(),INDEX(Data!$B$4:$L$947,MATCH(Graphs!$CK220,Data!$A$4:$A$947,0),MATCH(Graphs!CN$4,Data!$B$3:$L$3,0)))} -> 287 | CO220: {=IF(INDEX(Data!$B$4:$L$947,MATCH(Graphs!$CK220,Data!$A$4:$A$947,0),MATCH(Graphs!CO$4,Data!$B$3:$L$3,0))="n.q.",NA(),INDEX(Data!$B$4:$L$947,MATCH(Graphs!$CK220,Data!$A$4:$A$947,0),MATCH(Graphs!CO$4,Data!$B$3:$L$3,0)))} -> #N/A | CP220: {=IF(INDEX(Data!$B$4:$L$947,MATCH(Graphs!$CK220,Data!$A$4:$A$947,0),MATCH(Graphs!CP$4,Data!$B$3:$L$3,0))="n.q.",NA(),INDEX(Data!$B$4:$L$947,MATCH(Graphs!$CK220,Data!$A$4:$A$947,0),MATCH(Graphs!CP$4,Data!$B$3:$L$3,0)))} -> #N/A | CR220: {=IF(INDEX(Data!$P$4:$Z$947,MATCH(Graphs!$CK220,Data!$A$4:$A$947,0),MATCH(Graphs!CR$4,Data!$P$3:$Z$3,0))="n.q.",NA(),INDEX(Data!$P$4:$Z$947,MATCH(Graphs!$CK220,Data!$A$4:$A$947,0),MATCH(Graphs!CR$4,Data!$P$3:$Z$3,0)))} -> 237.80373 | CS220: {=IF(INDEX(Data!$P$4:$Z$947,MATCH(Graphs!$CK220,Data!$A$4:$A$947,0),MATCH(Graphs!CS$4,Data!$P$3:$Z$3,0))="n.q.",NA(),INDEX(Data!$P$4:$Z$947,MATCH(Graphs!$CK220,Data!$A$4:$A$947,0),MATCH(Graphs!CS$4,Data!$P$3:$Z$3,0)))} -> 235.79 | CT220: {=IF(INDEX(Data!$P$4:$Z$947,MATCH(Graphs!$CK220,Data!$A$4:$A$947,0),MATCH(Graphs!CT$4,Data!$P$3:$Z$3,0))="n.q.",NA(),INDEX(Data!$P$4:$Z$947,MATCH(Graphs!$CK220,Data!$A$4:$A$947,0),MATCH(Graphs!CT$4,Data!$P$3:$Z$3,0)))} -> 223.37795 | CU220: {=IF(INDEX(Data!$P$4:$Z$947,MATCH(Graphs!$CK220,Data!$A$4:$A$947,0),MATCH(Graphs!CU$4,Data!$P$3:$Z$3,0))="n.q.",NA(),INDEX(Data!$P$4:$Z$947,MATCH(Graphs!$CK220,Data!$A$4:$A$947,0),MATCH(Graphs!CU$4,Data!$P$3:$Z$3,0)))} -> #N/A | CV220: {=IF(INDEX(Data!$P$4:$Z$947,MATCH(Graphs!$CK220,Data!$A$4:$A$947,0),MATCH(Graphs!CV$4,Data!$P$3:$Z$3,0))="n.q.",NA(),INDEX(Data!$P$4:$Z$947,MATCH(Graphs!$CK220,Data!$A$4:$A$947,0),MATCH(Graphs!CV$4,Data!$P$3:$Z$3,0)))} -> #N/A
CK221: =Data!#REF! -> #ERROR! | CL221: {=IF(INDEX(Data!$B$4:$L$947,MATCH(Graphs!$CK221,Data!$A$4:$A$947,0),MATCH(Graphs!CL$4,Data!$B$3:$L$3,0))="n.q.",NA(),INDEX(Data!$B$4:$L$947,MATCH(Graphs!$CK221,Data!$A$4:$A$947,0),MATCH(Graphs!CL$4,Data!$B$3:$L$3,0)))} -> #ERROR! | CM221: {=IF(INDEX(Data!$B$4:$L$947,MATCH(Graphs!$CK221,Data!$A$4:$A$947,0),MATCH(Graphs!CM$4,Data!$B$3:$L$3,0))="n.q.",NA(),INDEX(Data!$B$4:$L$947,MATCH(Graphs!$CK221,Data!$A$4:$A$947,0),MATCH(Graphs!CM$4,Data!$B$3:$L$3,0)))} -> #ERROR! | CN221: {=IF(INDEX(Data!$B$4:$L$947,MATCH(Graphs!$CK221,Data!$A$4:$A$947,0),MATCH(Graphs!CN$4,Data!$B$3:$L$3,0))="n.q.",NA(),INDEX(Data!$B$4:$L$947,MATCH(Graphs!$CK221,Data!$A$4:$A$947,0),MATCH(Graphs!CN$4,Data!$B$3:$L$3,0)))} -> #ERROR! | CO221: {=IF(INDEX(Data!$B$4:$L$947,MATCH(Graphs!$CK221,Data!$A$4:$A$947,0),MATCH(Graphs!CO$4,Data!$B$3:$L$3,0))="n.q.",NA(),INDEX(Data!$B$4:$L$947,MATCH(Graphs!$CK221,Data!$A$4:$A$947,0),MATCH(Graphs!CO$4,Data!$B$3:$L$3,0)))} -> #ERROR! | CP221: {=IF(INDEX(Data!$B$4:$L$947,MATCH(Graphs!$CK221,Data!$A$4:$A$947,0),MATCH(Graphs!CP$4,Data!$B$3:$L$3,0))="n.q.",NA(),INDEX(Data!$B$4:$L$947,MATCH(Graphs!$CK221,Data!$A$4:$A$947,0),MATCH(Graphs!CP$4,Data!$B$3:$L$3,0)))} -> #ERROR! | CR221: {=IF(INDEX(Data!$P$4:$Z$947,MATCH(Graphs!$CK221,Data!$A$4:$A$947,0),MATCH(Graphs!CR$4,Data!$P$3:$Z$3,0))="n.q.",NA(),INDEX(Data!$P$4:$Z$947,MATCH(Graphs!$CK221,Data!$A$4:$A$947,0),MATCH(Graphs!CR$4,Data!$P$3:$Z$3,0)))} -> #ERROR! | CS221: {=IF(INDEX(Data!$P$4:$Z$947,MATCH(Graphs!$CK221,Data!$A$4:$A$947,0),MATCH(Graphs!CS$4,Data!$P$3:$Z$3,0))="n.q.",NA(),INDEX(Data!$P$4:$Z$947,MATCH(Graphs!$CK221,Data!$A$4:$A$947,0),MATCH(Graphs!CS$4,Data!$P$3:$Z$3,0)))} -> #ERROR! | CT221: {=IF(INDEX(Data!$P$4:$Z$947,MATCH(Graphs!$CK221,Data!$A$4:$A$947,0),MATCH(Graphs!CT$4,Data!$P$3:$Z$3,0))="n.q.",NA(),INDEX(Data!$P$4:$Z$947,MATCH(Graphs!$CK221,Data!$A$4:$A$947,0),MATCH(Graphs!CT$4,Data!$P$3:$Z$3,0)))} -> #ERROR! | CU221: {=IF(INDEX(Data!$P$4:$Z$947,MATCH(Graphs!$CK221,Data!$A$4:$A$947,0),MATCH(Graphs!CU$4,Data!$P$3:$Z$3,0))="n.q.",NA(),INDEX(Data!$P$4:$Z$947,MATCH(Graphs!$CK221,Data!$A$4:$A$947,0),MATCH(Graphs!CU$4,Data!$P$3:$Z$3,0)))} -> #ERROR! | CV221: {=IF(INDEX(Data!$P$4:$Z$947,MATCH(Graphs!$CK221,Data!$A$4:$A$947,0),MATCH(Graphs!CV$4,Data!$P$3:$Z$3,0))="n.q.",NA(),INDEX(Data!$P$4:$Z$947,MATCH(Graphs!$CK221,Data!$A$4:$A$947,0),MATCH(Graphs!CV$4,Data!$P$3:$Z$3,0)))} -> #ERROR!
CK222: =Data!A220 -> 44454 | CL222: {=IF(INDEX(Data!$B$4:$L$947,MATCH(Graphs!$CK222,Data!$A$4:$A$947,0),MATCH(Graphs!CL$4,Data!$B$3:$L$3,0))="n.q.",NA(),INDEX(Data!$B$4:$L$947,MATCH(Graphs!$CK222,Data!$A$4:$A$947,0),MATCH(Graphs!CL$4,Data!$B$3:$L$3,0)))} -> 305.49 | CM222: {=IF(INDEX(Data!$B$4:$L$947,MATCH(Graphs!$CK222,Data!$A$4:$A$947,0),MATCH(Graphs!CM$4,Data!$B$3:$L$3,0))="n.q.",NA(),INDEX(Data!$B$4:$L$947,MATCH(Graphs!$CK222,Data!$A$4:$A$947,0),MATCH(Graphs!CM$4,Data!$B$3:$L$3,0)))} -> 336.57 | CN222: {=IF(INDEX(Data!$B$4:$L$947,MATCH(Graphs!$CK222,Data!$A$4:$A$947,0),MATCH(Graphs!CN$4,Data!$B$3:$L$3,0))="n.q.",NA(),INDEX(Data!$B$4:$L$947,MATCH(Graphs!$CK222,Data!$A$4:$A$947,0),MATCH(Graphs!CN$4,Data!$B$3:$L$3,0)))} -> 287 | CO222: {=IF(INDEX(Data!$B$4:$L$947,MATCH(Graphs!$CK222,Data!$A$4:$A$947,0),MATCH(Graphs!CO$4,Data!$B$3:$L$3,0))="n.q.",NA(),INDEX(Data!$B$4:$L$947,MATCH(Graphs!$CK222,Data!$A$4:$A$947,0),MATCH(Graphs!CO$4,Data!$B$3:$L$3,0)))} -> #N/A | CP222: {=IF(INDEX(Data!$B$4:$L$947,MATCH(Graphs!$CK222,Data!$A$4:$A$947,0),MATCH(Graphs!CP$4,Data!$B$3:$L$3,0))="n.q.",NA(),INDEX(Data!$B$4:$L$947,MATCH(Graphs!$CK222,Data!$A$4:$A$947,0),MATCH(Graphs!CP$4,Data!$B$3:$L$3,0)))} -> #N/A | CR222: {=IF(INDEX(Data!$P$4:$Z$947,MATCH(Graphs!$CK222,Data!$A$4:$A$947,0),MATCH(Graphs!CR$4,Data!$P$3:$Z$3,0))="n.q.",NA(),INDEX(Data!$P$4:$Z$947,MATCH(Graphs!$CK222,Data!$A$4:$A$947,0),MATCH(Graphs!CR$4,Data!$P$3:$Z$3,0)))} -> 237.5592 | CS222: {=IF(INDEX(Data!$P$4:$Z$947,MATCH(Graphs!$CK222,Data!$A$4:$A$947,0),MATCH(Graphs!CS$4,Data!$P$3:$Z$3,0))="n.q.",NA(),INDEX(Data!$P$4:$Z$947,MATCH(Graphs!$CK222,Data!$A$4:$A$947,0),MATCH(Graphs!CS$4,Data!$P$3:$Z$3,0)))} -> #N/A | CT222: {=IF(INDEX(Data!$P$4:$Z$947,MATCH(Graphs!$CK222,Data!$A$4:$A$947,0),MATCH(Graphs!CT$4,Data!$P$3:$Z$3,0))="n.q.",NA(),INDEX(Data!$P$4:$Z$947,MATCH(Graphs!$CK222,Data!$A$4:$A$947,0),MATCH(Graphs!CT$4,Data!$P$3:$Z$3,0)))} -> 224.12043 | CU222: {=IF(INDEX(Data!$P$4:$Z$947,MATCH(Graphs!$CK222,Data!$A$4:$A$947,0),MATCH(Graphs!CU$4,Data!$P$3:$Z$3,0))="n.q.",NA(),INDEX(Data!$P$4:$Z$947,MATCH(Graphs!$CK222,Data!$A$4:$A$947,0),MATCH(Graphs!CU$4,Data!$P$3:$Z$3,0)))} -> #N/A | CV222: {=IF(INDEX(Data!$P$4:$Z$947,MATCH(Graphs!$CK222,Data!$A$4:$A$947,0),MATCH(Graphs!CV$4,Data!$P$3:$Z$3,0))="n.q.",NA(),INDEX(Data!$P$4:$Z$947,MATCH(Graphs!$CK222,Data!$A$4:$A$947,0),MATCH(Graphs!CV$4,Data!$P$3:$Z$3,0)))} -> #N/A
CK223: =Data!A221 -> 44447 | CL223: {=IF(INDEX(Data!$B$4:$L$947,MATCH(Graphs!$CK223,Data!$A$4:$A$947,0),MATCH(Graphs!CL$4,Data!$B$3:$L$3,0))="n.q.",NA(),INDEX(Data!$B$4:$L$947,MATCH(Graphs!$CK223,Data!$A$4:$A$947,0),MATCH(Graphs!CL$4,Data!$B$3:$L$3,0)))} -> 295 | CM223: {=IF(INDEX(Data!$B$4:$L$947,MATCH(Graphs!$CK223,Data!$A$4:$A$947,0),MATCH(Graphs!CM$4,Data!$B$3:$L$3,0))="n.q.",NA(),INDEX(Data!$B$4:$L$947,MATCH(Graphs!$CK223,Data!$A$4:$A$947,0),MATCH(Graphs!CM$4,Data!$B$3:$L$3,0)))} -> 326.93 | CN223: {=IF(INDEX(Data!$B$4:$L$947,MATCH(Graphs!$CK223,Data!$A$4:$A$947,0),MATCH(Graphs!CN$4,Data!$B$3:$L$3,0))="n.q.",NA(),INDEX(Data!$B$4:$L$947,MATCH(Graphs!$CK223,Data!$A$4:$A$947,0),MATCH(Graphs!CN$4,Data!$B$3:$L$3,0)))} -> 285 | CO223: {=IF(INDEX(Data!$B$4:$L$947,MATCH(Graphs!$CK223,Data!$A$4:$A$947,0),MATCH(Graphs!CO$4,Data!$B$3:$L$3,0))="n.q.",NA(),INDEX(Data!$B$4:$L$947,MATCH(Graphs!$CK223,Data!$A$4:$A$947,0),MATCH(Graphs!CO$4,Data!$B$3:$L$3,0)))} -> #N/A | CP223: {=IF(INDEX(Data!$B$4:$L$947,MATCH(Graphs!$CK223,Data!$A$4:$A$947,0),MATCH(Graphs!CP$4,Data!$B$3:$L$3,0))="n.q.",NA(),INDEX(Data!$B$4:$L$947,MATCH(Graphs!$CK223,Data!$A$4:$A$947,0),MATCH(Graphs!CP$4,Data!$B$3:$L$3,0)))} -> #N/A | CR223: {=IF(INDEX(Data!$P$4:$Z$947,MATCH(Graphs!$CK223,Data!$A$4:$A$947,0),MATCH(Graphs!CR$4,Data!$P$3:$Z$3,0))="n.q.",NA(),INDEX(Data!$P$4:$Z$947,MATCH(Graphs!$CK223,Data!$A$4:$A$947,0),MATCH(Graphs!CR$4,Data!$P$3:$Z$3,0)))} -> 228.09673 | CS223: {=IF(INDEX(Data!$P$4:$Z$947,MATCH(Graphs!$CK223,Data!$A$4:$A$947,0),MATCH(Graphs!CS$4,Data!$P$3:$Z$3,0))="n.q.",NA(),INDEX(Data!$P$4:$Z$947,MATCH(Graphs!$CK223,Data!$A$4:$A$947,0),MATCH(Graphs!CS$4,Data!$P$3:$Z$3,0)))} -> 227.79 | CT223: {=IF(INDEX(Data!$P$4:$Z$947,MATCH(Graphs!$CK223,Data!$A$4:$A$947,0),MATCH(Graphs!CT$4,Data!$P$3:$Z$3,0))="n.q.",NA(),INDEX(Data!$P$4:$Z$947,MATCH(Graphs!$CK223,Data!$A$4:$A$947,0),MATCH(Graphs!CT$4,Data!$P$3:$Z$3,0)))} -> 224.06358 | CU223: {=IF(INDEX(Data!$P$4:$Z$947,MATCH(Graphs!$CK223,Data!$A$4:$A$947,0),MATCH(Graphs!CU$4,Data!$P$3:$Z$3,0))="n.q.",NA(),INDEX(Data!$P$4:$Z$947,MATCH(Graphs!$CK223,Data!$A$4:$A$947,0),MATCH(Graphs!CU$4,Data!$P$3:$Z$3,0)))} -> #N/A | CV223: {=IF(INDEX(Data!$P$4:$Z$947,MATCH(Graphs!$CK223,Data!$A$4:$A$947,0),MATCH(Graphs!CV$4,Data!$P$3:$Z$3,0))="n.q.",NA(),INDEX(Data!$P$4:$Z$947,MATCH(Graphs!$CK223,Data!$A$4:$A$947,0),MATCH(Graphs!CV$4,Data!$P$3:$Z$3,0)))} -> #N/A
CK224: =Data!#REF! -> #ERROR! | CL224: {=IF(INDEX(Data!$B$4:$L$947,MATCH(Graphs!$CK224,Data!$A$4:$A$947,0),MATCH(Graphs!CL$4,Data!$B$3:$L$3,0))="n.q.",NA(),INDEX(Data!$B$4:$L$947,MATCH(Graphs!$CK224,Data!$A$4:$A$947,0),MATCH(Graphs!CL$4,Data!$B$3:$L$3,0)))} -> #ERROR! | CM224: {=IF(INDEX(Data!$B$4:$L$947,MATCH(Graphs!$CK224,Data!$A$4:$A$947,0),MATCH(Graphs!CM$4,Data!$B$3:$L$3,0))="n.q.",NA(),INDEX(Data!$B$4:$L$947,MATCH(Graphs!$CK224,Data!$A$4:$A$947,0),MATCH(Graphs!CM$4,Data!$B$3:$L$3,0)))} -> #ERROR! | CN224: {=IF(INDEX(Data!$B$4:$L$947,MATCH(Graphs!$CK224,Data!$A$4:$A$947,0),MATCH(Graphs!CN$4,Data!$B$3:$L$3,0))="n.q.",NA(),INDEX(Data!$B$4:$L$947,MATCH(Graphs!$CK224,Data!$A$4:$A$947,0),MATCH(Graphs!CN$4,Data!$B$3:$L$3,0)))} -> #ERROR! | CO224: {=IF(INDEX(Data!$B$4:$L$947,MATCH(Graphs!$CK224,Data!$A$4:$A$947,0),MATCH(Graphs!CO$4,Data!$B$3:$L$3,0))="n.q.",NA(),INDEX(Data!$B$4:$L$947,MATCH(Graphs!$CK224,Data!$A$4:$A$947,0),MATCH(Graphs!CO$4,Data!$B$3:$L$3,0)))} -> #ERROR! | CP224: {=IF(INDEX(Data!$B$4:$L$947,MATCH(Graphs!$CK224,Data!$A$4:$A$947,0),MATCH(Graphs!CP$4,Data!$B$3:$L$3,0))="n.q.",NA(),INDEX(Data!$B$4:$L$947,MATCH(Graphs!$CK224,Data!$A$4:$A$947,0),MATCH(Graphs!CP$4,Data!$B$3:$L$3,0)))} -> #ERROR! | CR224: {=IF(INDEX(Data!$P$4:$Z$947,MATCH(Graphs!$CK224,Data!$A$4:$A$947,0),MATCH(Graphs!CR$4,Data!$P$3:$Z$3,0))="n.q.",NA(),INDEX(Data!$P$4:$Z$947,MATCH(Graphs!$CK224,Data!$A$4:$A$947,0),MATCH(Graphs!CR$4,Data!$P$3:$Z$3,0)))} -> #ERROR! | CS224: {=IF(INDEX(Data!$P$4:$Z$947,MATCH(Graphs!$CK224,Data!$A$4:$A$947,0),MATCH(Graphs!CS$4,Data!$P$3:$Z$3,0))="n.q.",NA(),INDEX(Data!$P$4:$Z$947,MATCH(Graphs!$CK224,Data!$A$4:$A$947,0),MATCH(Graphs!CS$4,Data!$P$3:$Z$3,0)))} -> #ERROR! | CT224: {=IF(INDEX(Data!$P$4:$Z$947,MATCH(Graphs!$CK224,Data!$A$4:$A$947,0),MATCH(Graphs!CT$4,Data!$P$3:$Z$3,0))="n.q.",NA(),INDEX(Data!$P$4:$Z$947,MATCH(Graphs!$CK224,Data!$A$4:$A$947,0),MATCH(Graphs!CT$4,Data!$P$3:$Z$3,0)))} -> #ERROR! | CU224: {=IF(INDEX(Data!$P$4:$Z$947,MATCH(Graphs!$CK224,Data!$A$4:$A$947,0),MATCH(Graphs!CU$4,Data!$P$3:$Z$3,0))="n.q.",NA(),INDEX(Data!$P$4:$Z$947,MATCH(Graphs!$CK224,Data!$A$4:$A$947,0),MATCH(Graphs!CU$4,Data!$P$3:$Z$3,0)))} -> #ERROR! | CV224: {=IF(INDEX(Data!$P$4:$Z$947,MATCH(Graphs!$CK224,Data!$A$4:$A$947,0),MATCH(Graphs!CV$4,Data!$P$3:$Z$3,0))="n.q.",NA(),INDEX(Data!$P$4:$Z$947,MATCH(Graphs!$CK224,Data!$A$4:$A$947,0),MATCH(Graphs!CV$4,Data!$P$3:$Z$3,0)))} -> #ERROR!
CK225: =Data!A222 -> 44440 | CL225: {=IF(INDEX(Data!$B$4:$L$947,MATCH(Graphs!$CK225,Data!$A$4:$A$947,0),MATCH(Graphs!CL$4,Data!$B$3:$L$3,0))="n.q.",NA(),INDEX(Data!$B$4:$L$947,MATCH(Graphs!$CK225,Data!$A$4:$A$947,0),MATCH(Graphs!CL$4,Data!$B$3:$L$3,0)))} -> 298.77 | CM225: {=IF(INDEX(Data!$B$4:$L$947,MATCH(Graphs!$CK225,Data!$A$4:$A$947,0),MATCH(Graphs!CM$4,Data!$B$3:$L$3,0))="n.q.",NA(),INDEX(Data!$B$4:$L$947,MATCH(Graphs!$CK225,Data!$A$4:$A$947,0),MATCH(Graphs!CM$4,Data!$B$3:$L$3,0)))} -> 322.98 | CN225: {=IF(INDEX(Data!$B$4:$L$947,MATCH(Graphs!$CK225,Data!$A$4:$A$947,0),MATCH(Graphs!CN$4,Data!$B$3:$L$3,0))="n.q.",NA(),INDEX(Data!$B$4:$L$947,MATCH(Graphs!$CK225,Data!$A$4:$A$947,0),MATCH(Graphs!CN$4,Data!$B$3:$L$3,0)))} -> 279 | CO225: {=IF(INDEX(Data!$B$4:$L$947,MATCH(Graphs!$CK225,Data!$A$4:$A$947,0),MATCH(Graphs!CO$4,Data!$B$3:$L$3,0))="n.q.",NA(),INDEX(Data!$B$4:$L$947,MATCH(Graphs!$CK225,Data!$A$4:$A$947,0),MATCH(Graphs!CO$4,Data!$B$3:$L$3,0)))} -> #N/A | CP225: {=IF(INDEX(Data!$B$4:$L$947,MATCH(Graphs!$CK225,Data!$A$4:$A$947,0),MATCH(Graphs!CP$4,Data!$B$3:$L$3,0))="n.q.",NA(),INDEX(Data!$B$4:$L$947,MATCH(Graphs!$CK225,Data!$A$4:$A$947,0),MATCH(Graphs!CP$4,Data!$B$3:$L$3,0)))} -> #N/A | CR225: {=IF(INDEX(Data!$P$4:$Z$947,MATCH(Graphs!$CK225,Data!$A$4:$A$947,0),MATCH(Graphs!CR$4,Data!$P$3:$Z$3,0))="n.q.",NA(),INDEX(Data!$P$4:$Z$947,MATCH(Graphs!$CK225,Data!$A$4:$A$947,0),MATCH(Graphs!CR$4,Data!$P$3:$Z$3,0)))} -> 212.46509 | CS225: {=IF(INDEX(Data!$P$4:$Z$947,MATCH(Graphs!$CK225,Data!$A$4:$A$947,0),MATCH(Graphs!CS$4,Data!$P$3:$Z$3,0))="n.q.",NA(),INDEX(Data!$P$4:$Z$947,MATCH(Graphs!$CK225,Data!$A$4:$A$947,0),MATCH(Graphs!CS$4,Data!$P$3:$Z$3,0)))} -> 232.79 | CT225: {=IF(INDEX(Data!$P$4:$Z$947,MATCH(Graphs!$CK225,Data!$A$4:$A$947,0),MATCH(Graphs!CT$4,Data!$P$3:$Z$3,0))="n.q.",NA(),INDEX(Data!$P$4:$Z$947,MATCH(Graphs!$CK225,Data!$A$4:$A$947,0),MATCH(Graphs!CT$4,Data!$P$3:$Z$3,0)))} -> 222.56072 | CU225: {=IF(INDEX(Data!$P$4:$Z$947,MATCH(Graphs!$CK225,Data!$A$4:$A$947,0),MATCH(Graphs!CU$4,Data!$P$3:$Z$3,0))="n.q.",NA(),INDEX(Data!$P$4:$Z$947,MATCH(Graphs!$CK225,Data!$A$4:$A$947,0),MATCH(Graphs!CU$4,Data!$P$3:$Z$3,0)))} -> #N/A | CV225: {=IF(INDEX(Data!$P$4:$Z$947,MATCH(Graphs!$CK225,Data!$A$4:$A$947,0),MATCH(Graphs!CV$4,Data!$P$3:$Z$3,0))="n.q.",NA(),INDEX(Data!$P$4:$Z$947,MATCH(Graphs!$CK225,Data!$A$4:$A$947,0),MATCH(Graphs!CV$4,Data!$P$3:$Z$3,0)))} -> #N/A
CK226: =Data!A223 -> 44433 | CL226: {=IF(INDEX(Data!$B$4:$L$947,MATCH(Graphs!$CK226,Data!$A$4:$A$947,0),MATCH(Graphs!CL$4,Data!$B$3:$L$3,0))="n.q.",NA(),INDEX(Data!$B$4:$L$947,MATCH(Graphs!$CK226,Data!$A$4:$A$947,0),MATCH(Graphs!CL$4,Data!$B$3:$L$3,0)))} -> 299.44 | CM226: {=IF(INDEX(Data!$B$4:$L$947,MATCH(Graphs!$CK226,Data!$A$4:$A$947,0),MATCH(Graphs!CM$4,Data!$B$3:$L$3,0))="n.q.",NA(),INDEX(Data!$B$4:$L$947,MATCH(Graphs!$CK226,Data!$A$4:$A$947,0),MATCH(Graphs!CM$4,Data!$B$3:$L$3,0)))} -> 322.24 | CN226: {=IF(INDEX(Data!$B$4:$L$947,MATCH(Graphs!$CK226,Data!$A$4:$A$947,0),MATCH(Graphs!CN$4,Data!$B$3:$L$3,0))="n.q.",NA(),INDEX(Data!$B$4:$L$947,MATCH(Graphs!$CK226,Data!$A$4:$A$947,0),MATCH(Graphs!CN$4,Data!$B$3:$L$3,0)))} -> 276 | CO226: {=IF(INDEX(Data!$B$4:$L$947,MATCH(Graphs!$CK226,Data!$A$4:$A$947,0),MATCH(Graphs!CO$4,Data!$B$3:$L$3,0))="n.q.",NA(),INDEX(Data!$B$4:$L$947,MATCH(Graphs!$CK226,Data!$A$4:$A$947,0),MATCH(Graphs!CO$4,Data!$B$3:$L$3,0)))} -> #N/A | CP226: {=IF(INDEX(Data!$B$4:$L$947,MATCH(Graphs!$CK226,Data!$A$4:$A$947,0),MATCH(Graphs!CP$4,Data!$B$3:$L$3,0))="n.q.",NA(),INDEX(Data!$B$4:$L$947,MATCH(Graphs!$CK226,Data!$A$4:$A$947,0),MATCH(Graphs!CP$4,Data!$B$3:$L$3,0)))} -> #N/A | CR226: {=IF(INDEX(Data!$P$4:$Z$947,MATCH(Graphs!$CK226,Data!$A$4:$A$947,0),MATCH(Graphs!CR$4,Data!$P$3:$Z$3,0))="n.q.",NA(),INDEX(Data!$P$4:$Z$947,MATCH(Graphs!$CK226,Data!$A$4:$A$947,0),MATCH(Graphs!CR$4,Data!$P$3:$Z$3,0)))} -> 220.30504 | CS226: {=IF(INDEX(Data!$P$4:$Z$947,MATCH(Graphs!$CK226,Data!$A$4:$A$947,0),MATCH(Graphs!CS$4,Data!$P$3:$Z$3,0))="n.q.",NA(),INDEX(Data!$P$4:$Z$947,MATCH(Graphs!$CK226,Data!$A$4:$A$947,0),MATCH(Graphs!CS$4,Data!$P$3:$Z$3,0)))} -> #N/A | CT226: {=IF(INDEX(Data!$P$4:$Z$947,MATCH(Graphs!$CK226,Data!$A$4:$A$947,0),MATCH(Graphs!CT$4,Data!$P$3:$Z$3,0))="n.q.",NA(),INDEX(Data!$P$4:$Z$947,MATCH(Graphs!$CK226,Data!$A$4:$A$947,0),MATCH(Graphs!CT$4,Data!$P$3:$Z$3,0)))} -> 230.06135 | CU226: {=IF(INDEX(Data!$P$4:$Z$947,MATCH(Graphs!$CK226,Data!$A$4:$A$947,0),MATCH(Graphs!CU$4,Data!$P$3:$Z$3,0))="n.q.",NA(),INDEX(Data!$P$4:$Z$947,MATCH(Graphs!$CK226,Data!$A$4:$A$947,0),MATCH(Graphs!CU$4,Data!$P$3:$Z$3,0)))} -> #N/A | CV226: {=IF(INDEX(Data!$P$4:$Z$947,MATCH(Graphs!$CK226,Data!$A$4:$A$947,0),MATCH(Graphs!CV$4,Data!$P$3:$Z$3,0))="n.q.",NA(),INDEX(Data!$P$4:$Z$947,MATCH(Graphs!$CK226,Data!$A$4:$A$947,0),MATCH(Graphs!CV$4,Data!$P$3:$Z$3,0)))} -> #N/A
CK227: =Data!A224 -> 44426 | CL227: {=IF(INDEX(Data!$B$4:$L$947,MATCH(Graphs!$CK227,Data!$A$4:$A$947,0),MATCH(Graphs!CL$4,Data!$B$3:$L$3,0))="n.q.",NA(),INDEX(Data!$B$4:$L$947,MATCH(Graphs!$CK227,Data!$A$4:$A$947,0),MATCH(Graphs!CL$4,Data!$B$3:$L$3,0)))} -> 307.36 | CM227: {=IF(INDEX(Data!$B$4:$L$947,MATCH(Graphs!$CK227,Data!$A$4:$A$947,0),MATCH(Graphs!CM$4,Data!$B$3:$L$3,0))="n.q.",NA(),INDEX(Data!$B$4:$L$947,MATCH(Graphs!$CK227,Data!$A$4:$A$947,0),MATCH(Graphs!CM$4,Data!$B$3:$L$3,0)))} -> 332.07 | CN227: {=IF(INDEX(Data!$B$4:$L$947,MATCH(Graphs!$CK227,Data!$A$4:$A$947,0),MATCH(Graphs!CN$4,Data!$B$3:$L$3,0))="n.q.",NA(),INDEX(Data!$B$4:$L$947,MATCH(Graphs!$CK227,Data!$A$4:$A$947,0),MATCH(Graphs!CN$4,Data!$B$3:$L$3,0)))} -> 277 | CO227: {=IF(INDEX(Data!$B$4:$L$947,MATCH(Graphs!$CK227,Data!$A$4:$A$947,0),MATCH(Graphs!CO$4,Data!$B$3:$L$3,0))="n.q.",NA(),INDEX(Data!$B$4:$L$947,MATCH(Graphs!$CK227,Data!$A$4:$A$947,0),MATCH(Graphs!CO$4,Data!$B$3:$L$3,0)))} -> #N/A | CP227: {=IF(INDEX(Data!$B$4:$L$947,MATCH(Graphs!$CK227,Data!$A$4:$A$947,0),MATCH(Graphs!CP$4,Data!$B$3:$L$3,0))="n.q.",NA(),INDEX(Data!$B$4:$L$947,MATCH(Graphs!$CK227,Data!$A$4:$A$947,0),MATCH(Graphs!CP$4,Data!$B$3:$L$3,0)))} -> #N/A | CR227: {=IF(INDEX(Data!$P$4:$Z$947,MATCH(Graphs!$CK227,Data!$A$4:$A$947,0),MATCH(Graphs!CR$4,Data!$P$3:$Z$3,0))="n.q.",NA(),INDEX(Data!$P$4:$Z$947,MATCH(Graphs!$CK227,Data!$A$4:$A$947,0),MATCH(Graphs!CR$4,Data!$P$3:$Z$3,0)))} -> 226.34138 | CS227: {=IF(INDEX(Data!$P$4:$Z$947,MATCH(Graphs!$CK227,Data!$A$4:$A$947,0),MATCH(Graphs!CS$4,Data!$P$3:$Z$3,0))="n.q.",NA(),INDEX(Data!$P$4:$Z$947,MATCH(Graphs!$CK227,Data!$A$4:$A$947,0),MATCH(Graphs!CS$4,Data!$P$3:$Z$3,0)))} -> #N/A | CT227: {=IF(INDEX(Data!$P$4:$Z$947,MATCH(Graphs!$CK227,Data!$A$4:$A$947,0),MATCH(Graphs!CT$4,Data!$P$3:$Z$3,0))="n.q.",NA(),INDEX(Data!$P$4:$Z$947,MATCH(Graphs!$CK227,Data!$A$4:$A$947,0),MATCH(Graphs!CT$4,Data!$P$3:$Z$3,0)))} -> 233.72857 | CU227: {=IF(INDEX(Data!$P$4:$Z$947,MATCH(Graphs!$CK227,Data!$A$4:$A$947,0),MATCH(Graphs!CU$4,Data!$P$3:$Z$3,0))="n.q.",NA(),INDEX(Data!$P$4:$Z$947,MATCH(Graphs!$CK227,Data!$A$4:$A$947,0),MATCH(Graphs!CU$4,Data!$P$3:$Z$3,0)))} -> #N/A | CV227: {=IF(INDEX(Data!$P$4:$Z$947,MATCH(Graphs!$CK227,Data!$A$4:$A$947,0),MATCH(Graphs!CV$4,Data!$P$3:$Z$3,0))="n.q.",NA(),INDEX(Data!$P$4:$Z$947,MATCH(Graphs!$CK227,Data!$A$4:$A$947,0),MATCH(Graphs!CV$4,Data!$P$3:$Z$3,0)))} -> #N/A
CK228: =Data!A225 -> 44419 | CL228: {=IF(INDEX(Data!$B$4:$L$947,MATCH(Graphs!$CK228,Data!$A$4:$A$947,0),MATCH(Graphs!CL$4,Data!$B$3:$L$3,0))="n.q.",NA(),INDEX(Data!$B$4:$L$947,MATCH(Graphs!$CK228,Data!$A$4:$A$947,0),MATCH(Graphs!CL$4,Data!$B$3:$L$3,0)))} -> 288.35 | CM228: {=IF(INDEX(Data!$B$4:$L$947,MATCH(Graphs!$CK228,Data!$A$4:$A$947,0),MATCH(Graphs!CM$4,Data!$B$3:$L$3,0))="n.q.",NA(),INDEX(Data!$B$4:$L$947,MATCH(Graphs!$CK228,Data!$A$4:$A$947,0),MATCH(Graphs!CM$4,Data!$B$3:$L$3,0)))} -> 321.6 | CN228: {=IF(INDEX(Data!$B$4:$L$947,MATCH(Graphs!$CK228,Data!$A$4:$A$947,0),MATCH(Graphs!CN$4,Data!$B$3:$L$3,0))="n.q.",NA(),INDEX(Data!$B$4:$L$947,MATCH(Graphs!$CK228,Data!$A$4:$A$947,0),MATCH(Graphs!CN$4,Data!$B$3:$L$3,0)))} -> 255.5 | CO228: {=IF(INDEX(Data!$B$4:$L$947,MATCH(Graphs!$CK228,Data!$A$4:$A$947,0),MATCH(Graphs!CO$4,Data!$B$3:$L$3,0))="n.q.",NA(),INDEX(Data!$B$4:$L$947,MATCH(Graphs!$CK228,Data!$A$4:$A$947,0),MATCH(Graphs!CO$4,Data!$B$3:$L$3,0)))} -> #N/A | CP228: {=IF(INDEX(Data!$B$4:$L$947,MATCH(Graphs!$CK228,Data!$A$4:$A$947,0),MATCH(Graphs!CP$4,Data!$B$3:$L$3,0))="n.q.",NA(),INDEX(Data!$B$4:$L$947,MATCH(Graphs!$CK228,Data!$A$4:$A$947,0),MATCH(Graphs!CP$4,Data!$B$3:$L$3,0)))} -> #N/A | CR228: {=IF(INDEX(Data!$P$4:$Z$947,MATCH(Graphs!$CK228,Data!$A$4:$A$947,0),MATCH(Graphs!CR$4,Data!$P$3:$Z$3,0))="n.q.",NA(),INDEX(Data!$P$4:$Z$947,MATCH(Graphs!$CK228,Data!$A$4:$A$947,0),MATCH(Graphs!CR$4,Data!$P$3:$Z$3,0)))} -> 224.5093 | CS228: {=IF(INDEX(Data!$P$4:$Z$947,MATCH(Graphs!$CK228,Data!$A$4:$A$947,0),MATCH(Graphs!CS$4,Data!$P$3:$Z$3,0))="n.q.",NA(),INDEX(Data!$P$4:$Z$947,MATCH(Graphs!$CK228,Data!$A$4:$A$947,0),MATCH(Graphs!CS$4,Data!$P$3:$Z$3,0)))} -> #N/A | CT228: {=IF(INDEX(Data!$P$4:$Z$947,MATCH(Graphs!$CK228,Data!$A$4:$A$947,0),MATCH(Graphs!CT$4,Data!$P$3:$Z$3,0))="n.q.",NA(),INDEX(Data!$P$4:$Z$947,MATCH(Graphs!$CK228,Data!$A$4:$A$947,0),MATCH(Graphs!CT$4,Data!$P$3:$Z$3,0)))} -> 229.98805 | CU228: {=IF(INDEX(Data!$P$4:$Z$947,MATCH(Graphs!$CK228,Data!$A$4:$A$947,0),MATCH(Graphs!CU$4,Data!$P$3:$Z$3,0))="n.q.",NA(),INDEX(Data!$P$4:$Z$947,MATCH(Graphs!$CK228,Data!$A$4:$A$947,0),MATCH(Graphs!CU$4,Data!$P$3:$Z$3,0)))} -> #N/A | CV228: {=IF(INDEX(Data!$P$4:$Z$947,MATCH(Graphs!$CK228,Data!$A$4:$A$947,0),MATCH(Graphs!CV$4,Data!$P$3:$Z$3,0))="n.q.",NA(),INDEX(Data!$P$4:$Z$947,MATCH(Graphs!$CK228,Data!$A$4:$A$947,0),MATCH(Graphs!CV$4,Data!$P$3:$Z$3,0)))} -> #N/A
CK229: =Data!A226 -> 44412 | CL229: {=IF(INDEX(Data!$B$4:$L$947,MATCH(Graphs!$CK229,Data!$A$4:$A$947,0),MATCH(Graphs!CL$4,Data!$B$3:$L$3,0))="n.q.",NA(),INDEX(Data!$B$4:$L$947,MATCH(Graphs!$CK229,Data!$A$4:$A$947,0),MATCH(Graphs!CL$4,Data!$B$3:$L$3,0)))} -> 275.55 | CM229: {=IF(INDEX(Data!$B$4:$L$947,MATCH(Graphs!$CK229,Data!$A$4:$A$947,0),MATCH(Graphs!CM$4,Data!$B$3:$L$3,0))="n.q.",NA(),INDEX(Data!$B$4:$L$947,MATCH(Graphs!$CK229,Data!$A$4:$A$947,0),MATCH(Graphs!CM$4,Data!$B$3:$L$3,0)))} -> 315.72 | CN229: {=IF(INDEX(Data!$B$4:$L$947,MATCH(Graphs!$CK229,Data!$A$4:$A$947,0),MATCH(Graphs!CN$4,Data!$B$3:$L$3,0))="n.q.",NA(),INDEX(Data!$B$4:$L$947,MATCH(Graphs!$CK229,Data!$A$4:$A$947,0),MATCH(Graphs!CN$4,Data!$B$3:$L$3,0)))} -> 251 | CO229: {=IF(INDEX(Data!$B$4:$L$947,MATCH(Graphs!$CK229,Data!$A$4:$A$947,0),MATCH(Graphs!CO$4,Data!$B$3:$L$3,0))="n.q.",NA(),INDEX(Data!$B$4:$L$947,MATCH(Graphs!$CK229,Data!$A$4:$A$947,0),MATCH(Graphs!CO$4,Data!$B$3:$L$3,0)))} -> #N/A | CP229: {=IF(INDEX(Data!$B$4:$L$947,MATCH(Graphs!$CK229,Data!$A$4:$A$947,0),MATCH(Graphs!CP$4,Data!$B$3:$L$3,0))="n.q.",NA(),INDEX(Data!$B$4:$L$947,MATCH(Graphs!$CK229,Data!$A$4:$A$947,0),MATCH(Graphs!CP$4,Data!$B$3:$L$3,0)))} -> #N/A | CR229: {=IF(INDEX(Data!$P$4:$Z$947,MATCH(Graphs!$CK229,Data!$A$4:$A$947,0),MATCH(Graphs!CR$4,Data!$P$3:$Z$3,0))="n.q.",NA(),INDEX(Data!$P$4:$Z$947,MATCH(Graphs!$CK229,Data!$A$4:$A$947,0),MATCH(Graphs!CR$4,Data!$P$3:$Z$3,0)))} -> 230.92488 | CS229: {=IF(INDEX(Data!$P$4:$Z$947,MATCH(Graphs!$CK229,Data!$A$4:$A$947,0),MATCH(Graphs!CS$4,Data!$P$3:$Z$3,0))="n.q.",NA(),INDEX(Data!$P$4:$Z$947,MATCH(Graphs!$CK229,Data!$A$4:$A$947,0),MATCH(Graphs!CS$4,Data!$P$3:$Z$3,0)))} -> #N/A | CT229: {=IF(INDEX(Data!$P$4:$Z$947,MATCH(Graphs!$CK229,Data!$A$4:$A$947,0),MATCH(Graphs!CT$4,Data!$P$3:$Z$3,0))="n.q.",NA(),INDEX(Data!$P$4:$Z$947,MATCH(Graphs!$CK229,Data!$A$4:$A$947,0),MATCH(Graphs!CT$4,Data!$P$3:$Z$3,0)))} -> 225.1075 | CU229: {=IF(INDEX(Data!$P$4:$Z$947,MATCH(Graphs!$CK229,Data!$A$4:$A$947,0),MATCH(Graphs!CU$4,Data!$P$3:$Z$3,0))="n.q.",NA(),INDEX(Data!$P$4:$Z$947,MATCH(Graphs!$CK229,Data!$A$4:$A$947,0),MATCH(Graphs!CU$4,Data!$P$3:$Z$3,0)))} -> #N/A | CV229: {=IF(INDEX(Data!$P$4:$Z$947,MATCH(Graphs!$CK229,Data!$A$4:$A$947,0),MATCH(Graphs!CV$4,Data!$P$3:$Z$3,0))="n.q.",NA(),INDEX(Data!$P$4:$Z$947,MATCH(Graphs!$CK229,Data!$A$4:$A$947,0),MATCH(Graphs!CV$4,Data!$P$3:$Z$3,0)))} -> #N/A
CK230: =Data!#REF! -> #ERROR! | CL230: {=IF(INDEX(Data!$B$4:$L$947,MATCH(Graphs!$CK230,Data!$A$4:$A$947,0),MATCH(Graphs!CL$4,Data!$B$3:$L$3,0))="n.q.",NA(),INDEX(Data!$B$4:$L$947,MATCH(Graphs!$CK230,Data!$A$4:$A$947,0),MATCH(Graphs!CL$4,Data!$B$3:$L$3,0)))} -> #ERROR! | CM230: {=IF(INDEX(Data!$B$4:$L$947,MATCH(Graphs!$CK230,Data!$A$4:$A$947,0),MATCH(Graphs!CM$4,Data!$B$3:$L$3,0))="n.q.",NA(),INDEX(Data!$B$4:$L$947,MATCH(Graphs!$CK230,Data!$A$4:$A$947,0),MATCH(Graphs!CM$4,Data!$B$3:$L$3,0)))} -> #ERROR! | CN230: {=IF(INDEX(Data!$B$4:$L$947,MATCH(Graphs!$CK230,Data!$A$4:$A$947,0),MATCH(Graphs!CN$4,Data!$B$3:$L$3,0))="n.q.",NA(),INDEX(Data!$B$4:$L$947,MATCH(Graphs!$CK230,Data!$A$4:$A$947,0),MATCH(Graphs!CN$4,Data!$B$3:$L$3,0)))} -> #ERROR! | CO230: {=IF(INDEX(Data!$B$4:$L$947,MATCH(Graphs!$CK230,Data!$A$4:$A$947,0),MATCH(Graphs!CO$4,Data!$B$3:$L$3,0))="n.q.",NA(),INDEX(Data!$B$4:$L$947,MATCH(Graphs!$CK230,Data!$A$4:$A$947,0),MATCH(Graphs!CO$4,Data!$B$3:$L$3,0)))} -> #ERROR! | CP230: {=IF(INDEX(Data!$B$4:$L$947,MATCH(Graphs!$CK230,Data!$A$4:$A$947,0),MATCH(Graphs!CP$4,Data!$B$3:$L$3,0))="n.q.",NA(),INDEX(Data!$B$4:$L$947,MATCH(Graphs!$CK230,Data!$A$4:$A$947,0),MATCH(Graphs!CP$4,Data!$B$3:$L$3,0)))} -> #ERROR! | CR230: {=IF(INDEX(Data!$P$4:$Z$947,MATCH(Graphs!$CK230,Data!$A$4:$A$947,0),MATCH(Graphs!CR$4,Data!$P$3:$Z$3,0))="n.q.",NA(),INDEX(Data!$P$4:$Z$947,MATCH(Graphs!$CK230,Data!$A$4:$A$947,0),MATCH(Graphs!CR$4,Data!$P$3:$Z$3,0)))} -> #ERROR! | CS230: {=IF(INDEX(Data!$P$4:$Z$947,MATCH(Graphs!$CK230,Data!$A$4:$A$947,0),MATCH(Graphs!CS$4,Data!$P$3:$Z$3,0))="n.q.",NA(),INDEX(Data!$P$4:$Z$947,MATCH(Graphs!$CK230,Data!$A$4:$A$947,0),MATCH(Graphs!CS$4,Data!$P$3:$Z$3,0)))} -> #ERROR! | CT230: {=IF(INDEX(Data!$P$4:$Z$947,MATCH(Graphs!$CK230,Data!$A$4:$A$947,0),MATCH(Graphs!CT$4,Data!$P$3:$Z$3,0))="n.q.",NA(),INDEX(Data!$P$4:$Z$947,MATCH(Graphs!$CK230,Data!$A$4:$A$947,0),MATCH(Graphs!CT$4,Data!$P$3:$Z$3,0)))} -> #ERROR! | CU230: {=IF(INDEX(Data!$P$4:$Z$947,MATCH(Graphs!$CK230,Data!$A$4:$A$947,0),MATCH(Graphs!CU$4,Data!$P$3:$Z$3,0))="n.q.",NA(),INDEX(Data!$P$4:$Z$947,MATCH(Graphs!$CK230,Data!$A$4:$A$947,0),MATCH(Graphs!CU$4,Data!$P$3:$Z$3,0)))} -> #ERROR! | CV230: {=IF(INDEX(Data!$P$4:$Z$947,MATCH(Graphs!$CK230,Data!$A$4:$A$947,0),MATCH(Graphs!CV$4,Data!$P$3:$Z$3,0))="n.q.",NA(),INDEX(Data!$P$4:$Z$947,MATCH(Graphs!$CK230,Data!$A$4:$A$947,0),MATCH(Graphs!CV$4,Data!$P$3:$Z$3,0)))} -> #ERROR!
CK231: =Data!#REF! -> #ERROR! | CL231: {=IF(INDEX(Data!$B$4:$L$947,MATCH(Graphs!$CK231,Data!$A$4:$A$947,0),MATCH(Graphs!CL$4,Data!$B$3:$L$3,0))="n.q.",NA(),INDEX(Data!$B$4:$L$947,MATCH(Graphs!$CK231,Data!$A$4:$A$947,0),MATCH(Graphs!CL$4,Data!$B$3:$L$3,0)))} -> #ERROR! | CM231: {=IF(INDEX(Data!$B$4:$L$947,MATCH(Graphs!$CK231,Data!$A$4:$A$947,0),MATCH(Graphs!CM$4,Data!$B$3:$L$3,0))="n.q.",NA(),INDEX(Data!$B$4:$L$947,MATCH(Graphs!$CK231,Data!$A$4:$A$947,0),MATCH(Graphs!CM$4,Data!$B$3:$L$3,0)))} -> #ERROR! | CN231: {=IF(INDEX(Data!$B$4:$L$947,MATCH(Graphs!$CK231,Data!$A$4:$A$947,0),MATCH(Graphs!CN$4,Data!$B$3:$L$3,0))="n.q.",NA(),INDEX(Data!$B$4:$L$947,MATCH(Graphs!$CK231,Data!$A$4:$A$947,0),MATCH(Graphs!CN$4,Data!$B$3:$L$3,0)))} -> #ERROR! | CO231: {=IF(INDEX(Data!$B$4:$L$947,MATCH(Graphs!$CK231,Data!$A$4:$A$947,0),MATCH(Graphs!CO$4,Data!$B$3:$L$3,0))="n.q.",NA(),INDEX(Data!$B$4:$L$947,MATCH(Graphs!$CK231,Data!$A$4:$A$947,0),MATCH(Graphs!CO$4,Data!$B$3:$L$3,0)))} -> #ERROR! | CP231: {=IF(INDEX(Data!$B$4:$L$947,MATCH(Graphs!$CK231,Data!$A$4:$A$947,0),MATCH(Graphs!CP$4,Data!$B$3:$L$3,0))="n.q.",NA(),INDEX(Data!$B$4:$L$947,MATCH(Graphs!$CK231,Data!$A$4:$A$947,0),MATCH(Graphs!CP$4,Data!$B$3:$L$3,0)))} -> #ERROR! | CR231: {=IF(INDEX(Data!$P$4:$Z$947,MATCH(Graphs!$CK231,Data!$A$4:$A$947,0),MATCH(Graphs!CR$4,Data!$P$3:$Z$3,0))="n.q.",NA(),INDEX(Data!$P$4:$Z$947,MATCH(Graphs!$CK231,Data!$A$4:$A$947,0),MATCH(Graphs!CR$4,Data!$P$3:$Z$3,0)))} -> #ERROR! | CS231: {=IF(INDEX(Data!$P$4:$Z$947,MATCH(Graphs!$CK231,Data!$A$4:$A$947,0),MATCH(Graphs!CS$4,Data!$P$3:$Z$3,0))="n.q.",NA(),INDEX(Data!$P$4:$Z$947,MATCH(Graphs!$CK231,Data!$A$4:$A$947,0),MATCH(Graphs!CS$4,Data!$P$3:$Z$3,0)))} -> #ERROR! | CT231: {=IF(INDEX(Data!$P$4:$Z$947,MATCH(Graphs!$CK231,Data!$A$4:$A$947,0),MATCH(Graphs!CT$4,Data!$P$3:$Z$3,0))="n.q.",NA(),INDEX(Data!$P$4:$Z$947,MATCH(Graphs!$CK231,Data!$A$4:$A$947,0),MATCH(Graphs!CT$4,Data!$P$3:$Z$3,0)))} -> #ERROR! | CU231: {=IF(INDEX(Data!$P$4:$Z$947,MATCH(Graphs!$CK231,Data!$A$4:$A$947,0),MATCH(Graphs!CU$4,Data!$P$3:$Z$3,0))="n.q.",NA(),INDEX(Data!$P$4:$Z$947,MATCH(Graphs!$CK231,Data!$A$4:$A$947,0),MATCH(Graphs!CU$4,Data!$P$3:$Z$3,0)))} -> #ERROR! | CV231: {=IF(INDEX(Data!$P$4:$Z$947,MATCH(Graphs!$CK231,Data!$A$4:$A$947,0),MATCH(Graphs!CV$4,Data!$P$3:$Z$3,0))="n.q.",NA(),INDEX(Data!$P$4:$Z$947,MATCH(Graphs!$CK231,Data!$A$4:$A$947,0),MATCH(Graphs!CV$4,Data!$P$3:$Z$3,0)))} -> #ERROR!
CK232: =Data!#REF! -> #ERROR! | CL232: {=IF(INDEX(Data!$B$4:$L$947,MATCH(Graphs!$CK232,Data!$A$4:$A$947,0),MATCH(Graphs!CL$4,Data!$B$3:$L$3,0))="n.q.",NA(),INDEX(Data!$B$4:$L$947,MATCH(Graphs!$CK232,Data!$A$4:$A$947,0),MATCH(Graphs!CL$4,Data!$B$3:$L$3,0)))} -> #ERROR! | CM232: {=IF(INDEX(Data!$B$4:$L$947,MATCH(Graphs!$CK232,Data!$A$4:$A$947,0),MATCH(Graphs!CM$4,Data!$B$3:$L$3,0))="n.q.",NA(),INDEX(Data!$B$4:$L$947,MATCH(Graphs!$CK232,Data!$A$4:$A$947,0),MATCH(Graphs!CM$4,Data!$B$3:$L$3,0)))} -> #ERROR! | CN232: {=IF(INDEX(Data!$B$4:$L$947,MATCH(Graphs!$CK232,Data!$A$4:$A$947,0),MATCH(Graphs!CN$4,Data!$B$3:$L$3,0))="n.q.",NA(),INDEX(Data!$B$4:$L$947,MATCH(Graphs!$CK232,Data!$A$4:$A$947,0),MATCH(Graphs!CN$4,Data!$B$3:$L$3,0)))} -> #ERROR! | CO232: {=IF(INDEX(Data!$B$4:$L$947,MATCH(Graphs!$CK232,Data!$A$4:$A$947,0),MATCH(Graphs!CO$4,Data!$B$3:$L$3,0))="n.q.",NA(),INDEX(Data!$B$4:$L$947,MATCH(Graphs!$CK232,Data!$A$4:$A$947,0),MATCH(Graphs!CO$4,Data!$B$3:$L$3,0)))} -> #ERROR! | CP232: {=IF(INDEX(Data!$B$4:$L$947,MATCH(Graphs!$CK232,Data!$A$4:$A$947,0),MATCH(Graphs!CP$4,Data!$B$3:$L$3,0))="n.q.",NA(),INDEX(Data!$B$4:$L$947,MATCH(Graphs!$CK232,Data!$A$4:$A$947,0),MATCH(Graphs!CP$4,Data!$B$3:$L$3,0)))} -> #ERROR! | CR232: {=IF(INDEX(Data!$P$4:$Z$947,MATCH(Graphs!$CK232,Data!$A$4:$A$947,0),MATCH(Graphs!CR$4,Data!$P$3:$Z$3,0))="n.q.",NA(),INDEX(Data!$P$4:$Z$947,MATCH(Graphs!$CK232,Data!$A$4:$A$947,0),MATCH(Graphs!CR$4,Data!$P$3:$Z$3,0)))} -> #ERROR! | CS232: {=IF(INDEX(Data!$P$4:$Z$947,MATCH(Graphs!$CK232,Data!$A$4:$A$947,0),MATCH(Graphs!CS$4,Data!$P$3:$Z$3,0))="n.q.",NA(),INDEX(Data!$P$4:$Z$947,MATCH(Graphs!$CK232,Data!$A$4:$A$947,0),MATCH(Graphs!CS$4,Data!$P$3:$Z$3,0)))} -> #ERROR! | CT232: {=IF(INDEX(Data!$P$4:$Z$947,MATCH(Graphs!$CK232,Data!$A$4:$A$947,0),MATCH(Graphs!CT$4,Data!$P$3:$Z$3,0))="n.q.",NA(),INDEX(Data!$P$4:$Z$947,MATCH(Graphs!$CK232,Data!$A$4:$A$947,0),MATCH(Graphs!CT$4,Data!$P$3:$Z$3,0)))} -> #ERROR! | CU232: {=IF(INDEX(Data!$P$4:$Z$947,MATCH(Graphs!$CK232,Data!$A$4:$A$947,0),MATCH(Graphs!CU$4,Data!$P$3:$Z$3,0))="n.q.",NA(),INDEX(Data!$P$4:$Z$947,MATCH(Graphs!$CK232,Data!$A$4:$A$947,0),MATCH(Graphs!CU$4,Data!$P$3:$Z$3,0)))} -> #ERROR! | CV232: {=IF(INDEX(Data!$P$4:$Z$947,MATCH(Graphs!$CK232,Data!$A$4:$A$947,0),MATCH(Graphs!CV$4,Data!$P$3:$Z$3,0))="n.q.",NA(),INDEX(Data!$P$4:$Z$947,MATCH(Graphs!$CK232,Data!$A$4:$A$947,0),MATCH(Graphs!CV$4,Data!$P$3:$Z$3,0)))} -> #ERROR!
CK233: =Data!#REF! -> #ERROR! | CL233: {=IF(INDEX(Data!$B$4:$L$947,MATCH(Graphs!$CK233,Data!$A$4:$A$947,0),MATCH(Graphs!CL$4,Data!$B$3:$L$3,0))="n.q.",NA(),INDEX(Data!$B$4:$L$947,MATCH(Graphs!$CK233,Data!$A$4:$A$947,0),MATCH(Graphs!CL$4,Data!$B$3:$L$3,0)))} -> #ERROR! | CM233: {=IF(INDEX(Data!$B$4:$L$947,MATCH(Graphs!$CK233,Data!$A$4:$A$947,0),MATCH(Graphs!CM$4,Data!$B$3:$L$3,0))="n.q.",NA(),INDEX(Data!$B$4:$L$947,MATCH(Graphs!$CK233,Data!$A$4:$A$947,0),MATCH(Graphs!CM$4,Data!$B$3:$L$3,0)))} -> #ERROR! | CN233: {=IF(INDEX(Data!$B$4:$L$947,MATCH(Graphs!$CK233,Data!$A$4:$A$947,0),MATCH(Graphs!CN$4,Data!$B$3:$L$3,0))="n.q.",NA(),INDEX(Data!$B$4:$L$947,MATCH(Graphs!$CK233,Data!$A$4:$A$947,0),MATCH(Graphs!CN$4,Data!$B$3:$L$3,0)))} -> #ERROR! | CO233: {=IF(INDEX(Data!$B$4:$L$947,MATCH(Graphs!$CK233,Data!$A$4:$A$947,0),MATCH(Graphs!CO$4,Data!$B$3:$L$3,0))="n.q.",NA(),INDEX(Data!$B$4:$L$947,MATCH(Graphs!$CK233,Data!$A$4:$A$947,0),MATCH(Graphs!CO$4,Data!$B$3:$L$3,0)))} -> #ERROR! | CP233: {=IF(INDEX(Data!$B$4:$L$947,MATCH(Graphs!$CK233,Data!$A$4:$A$947,0),MATCH(Graphs!CP$4,Data!$B$3:$L$3,0))="n.q.",NA(),INDEX(Data!$B$4:$L$947,MATCH(Graphs!$CK233,Data!$A$4:$A$947,0),MATCH(Graphs!CP$4,Data!$B$3:$L$3,0)))} -> #ERROR! | CR233: {=IF(INDEX(Data!$P$4:$Z$947,MATCH(Graphs!$CK233,Data!$A$4:$A$947,0),MATCH(Graphs!CR$4,Data!$P$3:$Z$3,0))="n.q.",NA(),INDEX(Data!$P$4:$Z$947,MATCH(Graphs!$CK233,Data!$A$4:$A$947,0),MATCH(Graphs!CR$4,Data!$P$3:$Z$3,0)))} -> #ERROR! | CS233: {=IF(INDEX(Data!$P$4:$Z$947,MATCH(Graphs!$CK233,Data!$A$4:$A$947,0),MATCH(Graphs!CS$4,Data!$P$3:$Z$3,0))="n.q.",NA(),INDEX(Data!$P$4:$Z$947,MATCH(Graphs!$CK233,Data!$A$4:$A$947,0),MATCH(Graphs!CS$4,Data!$P$3:$Z$3,0)))} -> #ERROR! | CT233: {=IF(INDEX(Data!$P$4:$Z$947,MATCH(Graphs!$CK233,Data!$A$4:$A$947,0),MATCH(Graphs!CT$4,Data!$P$3:$Z$3,0))="n.q.",NA(),INDEX(Data!$P$4:$Z$947,MATCH(Graphs!$CK233,Data!$A$4:$A$947,0),MATCH(Graphs!CT$4,Data!$P$3:$Z$3,0)))} -> #ERROR! | CU233: {=IF(INDEX(Data!$P$4:$Z$947,MATCH(Graphs!$CK233,Data!$A$4:$A$947,0),MATCH(Graphs!CU$4,Data!$P$3:$Z$3,0))="n.q.",NA(),INDEX(Data!$P$4:$Z$947,MATCH(Graphs!$CK233,Data!$A$4:$A$947,0),MATCH(Graphs!CU$4,Data!$P$3:$Z$3,0)))} -> #ERROR! | CV233: {=IF(INDEX(Data!$P$4:$Z$947,MATCH(Graphs!$CK233,Data!$A$4:$A$947,0),MATCH(Graphs!CV$4,Data!$P$3:$Z$3,0))="n.q.",NA(),INDEX(Data!$P$4:$Z$947,MATCH(Graphs!$CK233,Data!$A$4:$A$947,0),MATCH(Graphs!CV$4,Data!$P$3:$Z$3,0)))} -> #ERROR!
CK234: =Data!A227 -> 44405 | CL234: {=IF(INDEX(Data!$B$4:$L$947,MATCH(Graphs!$CK234,Data!$A$4:$A$947,0),MATCH(Graphs!CL$4,Data!$B$3:$L$3,0))="n.q.",NA(),INDEX(Data!$B$4:$L$947,MATCH(Graphs!$CK234,Data!$A$4:$A$947,0),MATCH(Graphs!CL$4,Data!$B$3:$L$3,0)))} -> 260.75 | CM234: {=IF(INDEX(Data!$B$4:$L$947,MATCH(Graphs!$CK234,Data!$A$4:$A$947,0),MATCH(Graphs!CM$4,Data!$B$3:$L$3,0))="n.q.",NA(),INDEX(Data!$B$4:$L$947,MATCH(Graphs!$CK234,Data!$A$4:$A$947,0),MATCH(Graphs!CM$4,Data!$B$3:$L$3,0)))} -> 304.79 | CN234: {=IF(INDEX(Data!$B$4:$L$947,MATCH(Graphs!$CK234,Data!$A$4:$A$947,0),MATCH(Graphs!CN$4,Data!$B$3:$L$3,0))="n.q.",NA(),INDEX(Data!$B$4:$L$947,MATCH(Graphs!$CK234,Data!$A$4:$A$947,0),MATCH(Graphs!CN$4,Data!$B$3:$L$3,0)))} -> 235 | CO234: {=IF(INDEX(Data!$B$4:$L$947,MATCH(Graphs!$CK234,Data!$A$4:$A$947,0),MATCH(Graphs!CO$4,Data!$B$3:$L$3,0))="n.q.",NA(),INDEX(Data!$B$4:$L$947,MATCH(Graphs!$CK234,Data!$A$4:$A$947,0),MATCH(Graphs!CO$4,Data!$B$3:$L$3,0)))} -> #N/A | CP234: {=IF(INDEX(Data!$B$4:$L$947,MATCH(Graphs!$CK234,Data!$A$4:$A$947,0),MATCH(Graphs!CP$4,Data!$B$3:$L$3,0))="n.q.",NA(),INDEX(Data!$B$4:$L$947,MATCH(Graphs!$CK234,Data!$A$4:$A$947,0),MATCH(Graphs!CP$4,Data!$B$3:$L$3,0)))} -> #N/A | CR234: {=IF(INDEX(Data!$P$4:$Z$947,MATCH(Graphs!$CK234,Data!$A$4:$A$947,0),MATCH(Graphs!CR$4,Data!$P$3:$Z$3,0))="n.q.",NA(),INDEX(Data!$P$4:$Z$947,MATCH(Graphs!$CK234,Data!$A$4:$A$947,0),MATCH(Graphs!CR$4,Data!$P$3:$Z$3,0)))} -> 235.48742 | CS234: {=IF(INDEX(Data!$P$4:$Z$947,MATCH(Graphs!$CK234,Data!$A$4:$A$947,0),MATCH(Graphs!CS$4,Data!$P$3:$Z$3,0))="n.q.",NA(),INDEX(Data!$P$4:$Z$947,MATCH(Graphs!$CK234,Data!$A$4:$A$947,0),MATCH(Graphs!CS$4,Data!$P$3:$Z$3,0)))} -> #N/A | CT234: {=IF(INDEX(Data!$P$4:$Z$947,MATCH(Graphs!$CK234,Data!$A$4:$A$947,0),MATCH(Graphs!CT$4,Data!$P$3:$Z$3,0))="n.q.",NA(),INDEX(Data!$P$4:$Z$947,MATCH(Graphs!$CK234,Data!$A$4:$A$947,0),MATCH(Graphs!CT$4,Data!$P$3:$Z$3,0)))} -> 228.6779 | CU234: {=IF(INDEX(Data!$P$4:$Z$947,MATCH(Graphs!$CK234,Data!$A$4:$A$947,0),MATCH(Graphs!CU$4,Data!$P$3:$Z$3,0))="n.q.",NA(),INDEX(Data!$P$4:$Z$947,MATCH(Graphs!$CK234,Data!$A$4:$A$947,0),MATCH(Graphs!CU$4,Data!$P$3:$Z$3,0)))} -> #N/A | CV234: {=IF(INDEX(Data!$P$4:$Z$947,MATCH(Graphs!$CK234,Data!$A$4:$A$947,0),MATCH(Graphs!CV$4,Data!$P$3:$Z$3,0))="n.q.",NA(),INDEX(Data!$P$4:$Z$947,MATCH(Graphs!$CK234,Data!$A$4:$A$947,0),MATCH(Graphs!CV$4,Data!$P$3:$Z$3,0)))} -> #N/A
CK235: =Data!A228 -> 44398 | CL235: {=IF(INDEX(Data!$B$4:$L$947,MATCH(Graphs!$CK235,Data!$A$4:$A$947,0),MATCH(Graphs!CL$4,Data!$B$3:$L$3,0))="n.q.",NA(),INDEX(Data!$B$4:$L$947,MATCH(Graphs!$CK235,Data!$A$4:$A$947,0),MATCH(Graphs!CL$4,Data!$B$3:$L$3,0)))} -> 254.57 | CM235: {=IF(INDEX(Data!$B$4:$L$947,MATCH(Graphs!$CK235,Data!$A$4:$A$947,0),MATCH(Graphs!CM$4,Data!$B$3:$L$3,0))="n.q.",NA(),INDEX(Data!$B$4:$L$947,MATCH(Graphs!$CK235,Data!$A$4:$A$947,0),MATCH(Graphs!CM$4,Data!$B$3:$L$3,0)))} -> 310.02 | CN235: {=IF(INDEX(Data!$B$4:$L$947,MATCH(Graphs!$CK235,Data!$A$4:$A$947,0),MATCH(Graphs!CN$4,Data!$B$3:$L$3,0))="n.q.",NA(),INDEX(Data!$B$4:$L$947,MATCH(Graphs!$CK235,Data!$A$4:$A$947,0),MATCH(Graphs!CN$4,Data!$B$3:$L$3,0)))} -> 232 | CO235: {=IF(INDEX(Data!$B$4:$L$947,MATCH(Graphs!$CK235,Data!$A$4:$A$947,0),MATCH(Graphs!CO$4,Data!$B$3:$L$3,0))="n.q.",NA(),INDEX(Data!$B$4:$L$947,MATCH(Graphs!$CK235,Data!$A$4:$A$947,0),MATCH(Graphs!CO$4,Data!$B$3:$L$3,0)))} -> #N/A | CP235: {=IF(INDEX(Data!$B$4:$L$947,MATCH(Graphs!$CK235,Data!$A$4:$A$947,0),MATCH(Graphs!CP$4,Data!$B$3:$L$3,0))="n.q.",NA(),INDEX(Data!$B$4:$L$947,MATCH(Graphs!$CK235,Data!$A$4:$A$947,0),MATCH(Graphs!CP$4,Data!$B$3:$L$3,0)))} -> #N/A | CR235: {=IF(INDEX(Data!$P$4:$Z$947,MATCH(Graphs!$CK235,Data!$A$4:$A$947,0),MATCH(Graphs!CR$4,Data!$P$3:$Z$3,0))="n.q.",NA(),INDEX(Data!$P$4:$Z$947,MATCH(Graphs!$CK235,Data!$A$4:$A$947,0),MATCH(Graphs!CR$4,Data!$P$3:$Z$3,0)))} -> 241.36935 | CS235: {=IF(INDEX(Data!$P$4:$Z$947,MATCH(Graphs!$CK235,Data!$A$4:$A$947,0),MATCH(Graphs!CS$4,Data!$P$3:$Z$3,0))="n.q.",NA(),INDEX(Data!$P$4:$Z$947,MATCH(Graphs!$CK235,Data!$A$4:$A$947,0),MATCH(Graphs!CS$4,Data!$P$3:$Z$3,0)))} -> #N/A | CT235: {=IF(INDEX(Data!$P$4:$Z$947,MATCH(Graphs!$CK235,Data!$A$4:$A$947,0),MATCH(Graphs!CT$4,Data!$P$3:$Z$3,0))="n.q.",NA(),INDEX(Data!$P$4:$Z$947,MATCH(Graphs!$CK235,Data!$A$4:$A$947,0),MATCH(Graphs!CT$4,Data!$P$3:$Z$3,0)))} -> 231.05674 | CU235: {=IF(INDEX(Data!$P$4:$Z$947,MATCH(Graphs!$CK235,Data!$A$4:$A$947,0),MATCH(Graphs!CU$4,Data!$P$3:$Z$3,0))="n.q.",NA(),INDEX(Data!$P$4:$Z$947,MATCH(Graphs!$CK235,Data!$A$4:$A$947,0),MATCH(Graphs!CU$4,Data!$P$3:$Z$3,0)))} -> #N/A | CV235: {=IF(INDEX(Data!$P$4:$Z$947,MATCH(Graphs!$CK235,Data!$A$4:$A$947,0),MATCH(Graphs!CV$4,Data!$P$3:$Z$3,0))="n.q.",NA(),INDEX(Data!$P$4:$Z$947,MATCH(Graphs!$CK235,Data!$A$4:$A$947,0),MATCH(Graphs!CV$4,Data!$P$3:$Z$3,0)))} -> #N/A
CK236: =Data!A229 -> 44391 | CL236: {=IF(INDEX(Data!$B$4:$L$947,MATCH(Graphs!$CK236,Data!$A$4:$A$947,0),MATCH(Graphs!CL$4,Data!$B$3:$L$3,0))="n.q.",NA(),INDEX(Data!$B$4:$L$947,MATCH(Graphs!$CK236,Data!$A$4:$A$947,0),MATCH(Graphs!CL$4,Data!$B$3:$L$3,0)))} -> 250.44 | CM236: {=IF(INDEX(Data!$B$4:$L$947,MATCH(Graphs!$CK236,Data!$A$4:$A$947,0),MATCH(Graphs!CM$4,Data!$B$3:$L$3,0))="n.q.",NA(),INDEX(Data!$B$4:$L$947,MATCH(Graphs!$CK236,Data!$A$4:$A$947,0),MATCH(Graphs!CM$4,Data!$B$3:$L$3,0)))} -> 289.45 | CN236: {=IF(INDEX(Data!$B$4:$L$947,MATCH(Graphs!$CK236,Data!$A$4:$A$947,0),MATCH(Graphs!CN$4,Data!$B$3:$L$3,0))="n.q.",NA(),INDEX(Data!$B$4:$L$947,MATCH(Graphs!$CK236,Data!$A$4:$A$947,0),MATCH(Graphs!CN$4,Data!$B$3:$L$3,0)))} -> 218 | CO236: {=IF(INDEX(Data!$B$4:$L$947,MATCH(Graphs!$CK236,Data!$A$4:$A$947,0),MATCH(Graphs!CO$4,Data!$B$3:$L$3,0))="n.q.",NA(),INDEX(Data!$B$4:$L$947,MATCH(Graphs!$CK236,Data!$A$4:$A$947,0),MATCH(Graphs!CO$4,Data!$B$3:$L$3,0)))} -> #N/A | CP236: {=IF(INDEX(Data!$B$4:$L$947,MATCH(Graphs!$CK236,Data!$A$4:$A$947,0),MATCH(Graphs!CP$4,Data!$B$3:$L$3,0))="n.q.",NA(),INDEX(Data!$B$4:$L$947,MATCH(Graphs!$CK236,Data!$A$4:$A$947,0),MATCH(Graphs!CP$4,Data!$B$3:$L$3,0)))} -> #N/A | CR236: {=IF(INDEX(Data!$P$4:$Z$947,MATCH(Graphs!$CK236,Data!$A$4:$A$947,0),MATCH(Graphs!CR$4,Data!$P$3:$Z$3,0))="n.q.",NA(),INDEX(Data!$P$4:$Z$947,MATCH(Graphs!$CK236,Data!$A$4:$A$947,0),MATCH(Graphs!CR$4,Data!$P$3:$Z$3,0)))} -> 243.38808 | CS236: {=IF(INDEX(Data!$P$4:$Z$947,MATCH(Graphs!$CK236,Data!$A$4:$A$947,0),MATCH(Graphs!CS$4,Data!$P$3:$Z$3,0))="n.q.",NA(),INDEX(Data!$P$4:$Z$947,MATCH(Graphs!$CK236,Data!$A$4:$A$947,0),MATCH(Graphs!CS$4,Data!$P$3:$Z$3,0)))} -> #N/A | CT236: {=IF(INDEX(Data!$P$4:$Z$947,MATCH(Graphs!$CK236,Data!$A$4:$A$947,0),MATCH(Graphs!CT$4,Data!$P$3:$Z$3,0))="n.q.",NA(),INDEX(Data!$P$4:$Z$947,MATCH(Graphs!$CK236,Data!$A$4:$A$947,0),MATCH(Graphs!CT$4,Data!$P$3:$Z$3,0)))} -> 227.73451 | CU236: {=IF(INDEX(Data!$P$4:$Z$947,MATCH(Graphs!$CK236,Data!$A$4:$A$947,0),MATCH(Graphs!CU$4,Data!$P$3:$Z$3,0))="n.q.",NA(),INDEX(Data!$P$4:$Z$947,MATCH(Graphs!$CK236,Data!$A$4:$A$947,0),MATCH(Graphs!CU$4,Data!$P$3:$Z$3,0)))} -> #N/A | CV236: {=IF(INDEX(Data!$P$4:$Z$947,MATCH(Graphs!$CK236,Data!$A$4:$A$947,0),MATCH(Graphs!CV$4,Data!$P$3:$Z$3,0))="n.q.",NA(),INDEX(Data!$P$4:$Z$947,MATCH(Graphs!$CK236,Data!$A$4:$A$947,0),MATCH(Graphs!CV$4,Data!$P$3:$Z$3,0)))} -> #N/A
CK237: =Data!#REF! -> #ERROR! | CL237: {=IF(INDEX(Data!$B$4:$L$947,MATCH(Graphs!$CK237,Data!$A$4:$A$947,0),MATCH(Graphs!CL$4,Data!$B$3:$L$3,0))="n.q.",NA(),INDEX(Data!$B$4:$L$947,MATCH(Graphs!$CK237,Data!$A$4:$A$947,0),MATCH(Graphs!CL$4,Data!$B$3:$L$3,0)))} -> #ERROR! | CM237: {=IF(INDEX(Data!$B$4:$L$947,MATCH(Graphs!$CK237,Data!$A$4:$A$947,0),MATCH(Graphs!CM$4,Data!$B$3:$L$3,0))="n.q.",NA(),INDEX(Data!$B$4:$L$947,MATCH(Graphs!$CK237,Data!$A$4:$A$947,0),MATCH(Graphs!CM$4,Data!$B$3:$L$3,0)))} -> #ERROR! | CN237: {=IF(INDEX(Data!$B$4:$L$947,MATCH(Graphs!$CK237,Data!$A$4:$A$947,0),MATCH(Graphs!CN$4,Data!$B$3:$L$3,0))="n.q.",NA(),INDEX(Data!$B$4:$L$947,MATCH(Graphs!$CK237,Data!$A$4:$A$947,0),MATCH(Graphs!CN$4,Data!$B$3:$L$3,0)))} -> #ERROR! | CO237: {=IF(INDEX(Data!$B$4:$L$947,MATCH(Graphs!$CK237,Data!$A$4:$A$947,0),MATCH(Graphs!CO$4,Data!$B$3:$L$3,0))="n.q.",NA(),INDEX(Data!$B$4:$L$947,MATCH(Graphs!$CK237,Data!$A$4:$A$947,0),MATCH(Graphs!CO$4,Data!$B$3:$L$3,0)))} -> #ERROR! | CP237: {=IF(INDEX(Data!$B$4:$L$947,MATCH(Graphs!$CK237,Data!$A$4:$A$947,0),MATCH(Graphs!CP$4,Data!$B$3:$L$3,0))="n.q.",NA(),INDEX(Data!$B$4:$L$947,MATCH(Graphs!$CK237,Data!$A$4:$A$947,0),MATCH(Graphs!CP$4,Data!$B$3:$L$3,0)))} -> #ERROR! | CR237: {=IF(INDEX(Data!$P$4:$Z$947,MATCH(Graphs!$CK237,Data!$A$4:$A$947,0),MATCH(Graphs!CR$4,Data!$P$3:$Z$3,0))="n.q.",NA(),INDEX(Data!$P$4:$Z$947,MATCH(Graphs!$CK237,Data!$A$4:$A$947,0),MATCH(Graphs!CR$4,Data!$P$3:$Z$3,0)))} -> #ERROR! | CS237: {=IF(INDEX(Data!$P$4:$Z$947,MATCH(Graphs!$CK237,Data!$A$4:$A$947,0),MATCH(Graphs!CS$4,Data!$P$3:$Z$3,0))="n.q.",NA(),INDEX(Data!$P$4:$Z$947,MATCH(Graphs!$CK237,Data!$A$4:$A$947,0),MATCH(Graphs!CS$4,Data!$P$3:$Z$3,0)))} -> #ERROR! | CT237: {=IF(INDEX(Data!$P$4:$Z$947,MATCH(Graphs!$CK237,Data!$A$4:$A$947,0),MATCH(Graphs!CT$4,Data!$P$3:$Z$3,0))="n.q.",NA(),INDEX(Data!$P$4:$Z$947,MATCH(Graphs!$CK237,Data!$A$4:$A$947,0),MATCH(Graphs!CT$4,Data!$P$3:$Z$3,0)))} -> #ERROR! | CU237: {=IF(INDEX(Data!$P$4:$Z$947,MATCH(Graphs!$CK237,Data!$A$4:$A$947,0),MATCH(Graphs!CU$4,Data!$P$3:$Z$3,0))="n.q.",NA(),INDEX(Data!$P$4:$Z$947,MATCH(Graphs!$CK237,Data!$A$4:$A$947,0),MATCH(Graphs!CU$4,Data!$P$3:$Z$3,0)))} -> #ERROR! | CV237: {=IF(INDEX(Data!$P$4:$Z$947,MATCH(Graphs!$CK237,Data!$A$4:$A$947,0),MATCH(Graphs!CV$4,Data!$P$3:$Z$3,0))="n.q.",NA(),INDEX(Data!$P$4:$Z$947,MATCH(Graphs!$CK237,Data!$A$4:$A$947,0),MATCH(Graphs!CV$4,Data!$P$3:$Z$3,0)))} -> #ERROR!
CK238: =Data!#REF! -> #ERROR! | CL238: {=IF(INDEX(Data!$B$4:$L$947,MATCH(Graphs!$CK238,Data!$A$4:$A$947,0),MATCH(Graphs!CL$4,Data!$B$3:$L$3,0))="n.q.",NA(),INDEX(Data!$B$4:$L$947,MATCH(Graphs!$CK238,Data!$A$4:$A$947,0),MATCH(Graphs!CL$4,Data!$B$3:$L$3,0)))} -> #ERROR! | CM238: {=IF(INDEX(Data!$B$4:$L$947,MATCH(Graphs!$CK238,Data!$A$4:$A$947,0),MATCH(Graphs!CM$4,Data!$B$3:$L$3,0))="n.q.",NA(),INDEX(Data!$B$4:$L$947,MATCH(Graphs!$CK238,Data!$A$4:$A$947,0),MATCH(Graphs!CM$4,Data!$B$3:$L$3,0)))} -> #ERROR! | CN238: {=IF(INDEX(Data!$B$4:$L$947,MATCH(Graphs!$CK238,Data!$A$4:$A$947,0),MATCH(Graphs!CN$4,Data!$B$3:$L$3,0))="n.q.",NA(),INDEX(Data!$B$4:$L$947,MATCH(Graphs!$CK238,Data!$A$4:$A$947,0),MATCH(Graphs!CN$4,Data!$B$3:$L$3,0)))} -> #ERROR! | CO238: {=IF(INDEX(Data!$B$4:$L$947,MATCH(Graphs!$CK238,Data!$A$4:$A$947,0),MATCH(Graphs!CO$4,Data!$B$3:$L$3,0))="n.q.",NA(),INDEX(Data!$B$4:$L$947,MATCH(Graphs!$CK238,Data!$A$4:$A$947,0),MATCH(Graphs!CO$4,Data!$B$3:$L$3,0)))} -> #ERROR! | CP238: {=IF(INDEX(Data!$B$4:$L$947,MATCH(Graphs!$CK238,Data!$A$4:$A$947,0),MATCH(Graphs!CP$4,Data!$B$3:$L$3,0))="n.q.",NA(),INDEX(Data!$B$4:$L$947,MATCH(Graphs!$CK238,Data!$A$4:$A$947,0),MATCH(Graphs!CP$4,Data!$B$3:$L$3,0)))} -> #ERROR! | CR238: {=IF(INDEX(Data!$P$4:$Z$947,MATCH(Graphs!$CK238,Data!$A$4:$A$947,0),MATCH(Graphs!CR$4,Data!$P$3:$Z$3,0))="n.q.",NA(),INDEX(Data!$P$4:$Z$947,MATCH(Graphs!$CK238,Data!$A$4:$A$947,0),MATCH(Graphs!CR$4,Data!$P$3:$Z$3,0)))} -> #ERROR! | CS238: {=IF(INDEX(Data!$P$4:$Z$947,MATCH(Graphs!$CK238,Data!$A$4:$A$947,0),MATCH(Graphs!CS$4,Data!$P$3:$Z$3,0))="n.q.",NA(),INDEX(Data!$P$4:$Z$947,MATCH(Graphs!$CK238,Data!$A$4:$A$947,0),MATCH(Graphs!CS$4,Data!$P$3:$Z$3,0)))} -> #ERROR! | CT238: {=IF(INDEX(Data!$P$4:$Z$947,MATCH(Graphs!$CK238,Data!$A$4:$A$947,0),MATCH(Graphs!CT$4,Data!$P$3:$Z$3,0))="n.q.",NA(),INDEX(Data!$P$4:$Z$947,MATCH(Graphs!$CK238,Data!$A$4:$A$947,0),MATCH(Graphs!CT$4,Data!$P$3:$Z$3,0)))} -> #ERROR! | CU238: {=IF(INDEX(Data!$P$4:$Z$947,MATCH(Graphs!$CK238,Data!$A$4:$A$947,0),MATCH(Graphs!CU$4,Data!$P$3:$Z$3,0))="n.q.",NA(),INDEX(Data!$P$4:$Z$947,MATCH(Graphs!$CK238,Data!$A$4:$A$947,0),MATCH(Graphs!CU$4,Data!$P$3:$Z$3,0)))} -> #ERROR! | CV238: {=IF(INDEX(Data!$P$4:$Z$947,MATCH(Graphs!$CK238,Data!$A$4:$A$947,0),MATCH(Graphs!CV$4,Data!$P$3:$Z$3,0))="n.q.",NA(),INDEX(Data!$P$4:$Z$947,MATCH(Graphs!$CK238,Data!$A$4:$A$947,0),MATCH(Graphs!CV$4,Data!$P$3:$Z$3,0)))} -> #ERROR!
CK239: =Data!#REF! -> #ERROR! | CL239: {=IF(INDEX(Data!$B$4:$L$947,MATCH(Graphs!$CK239,Data!$A$4:$A$947,0),MATCH(Graphs!CL$4,Data!$B$3:$L$3,0))="n.q.",NA(),INDEX(Data!$B$4:$L$947,MATCH(Graphs!$CK239,Data!$A$4:$A$947,0),MATCH(Graphs!CL$4,Data!$B$3:$L$3,0)))} -> #ERROR! | CM239: {=IF(INDEX(Data!$B$4:$L$947,MATCH(Graphs!$CK239,Data!$A$4:$A$947,0),MATCH(Graphs!CM$4,Data!$B$3:$L$3,0))="n.q.",NA(),INDEX(Data!$B$4:$L$947,MATCH(Graphs!$CK239,Data!$A$4:$A$947,0),MATCH(Graphs!CM$4,Data!$B$3:$L$3,0)))} -> #ERROR! | CN239: {=IF(INDEX(Data!$B$4:$L$947,MATCH(Graphs!$CK239,Data!$A$4:$A$947,0),MATCH(Graphs!CN$4,Data!$B$3:$L$3,0))="n.q.",NA(),INDEX(Data!$B$4:$L$947,MATCH(Graphs!$CK239,Data!$A$4:$A$947,0),MATCH(Graphs!CN$4,Data!$B$3:$L$3,0)))} -> #ERROR! | CO239: {=IF(INDEX(Data!$B$4:$L$947,MATCH(Graphs!$CK239,Data!$A$4:$A$947,0),MATCH(Graphs!CO$4,Data!$B$3:$L$3,0))="n.q.",NA(),INDEX(Data!$B$4:$L$947,MATCH(Graphs!$CK239,Data!$A$4:$A$947,0),MATCH(Graphs!CO$4,Data!$B$3:$L$3,0)))} -> #ERROR! | CP239: {=IF(INDEX(Data!$B$4:$L$947,MATCH(Graphs!$CK239,Data!$A$4:$A$947,0),MATCH(Graphs!CP$4,Data!$B$3:$L$3,0))="n.q.",NA(),INDEX(Data!$B$4:$L$947,MATCH(Graphs!$CK239,Data!$A$4:$A$947,0),MATCH(Graphs!CP$4,Data!$B$3:$L$3,0)))} -> #ERROR! | CR239: {=IF(INDEX(Data!$P$4:$Z$947,MATCH(Graphs!$CK239,Data!$A$4:$A$947,0),MATCH(Graphs!CR$4,Data!$P$3:$Z$3,0))="n.q.",NA(),INDEX(Data!$P$4:$Z$947,MATCH(Graphs!$CK239,Data!$A$4:$A$947,0),MATCH(Graphs!CR$4,Data!$P$3:$Z$3,0)))} -> #ERROR! | CS239: {=IF(INDEX(Data!$P$4:$Z$947,MATCH(Graphs!$CK239,Data!$A$4:$A$947,0),MATCH(Graphs!CS$4,Data!$P$3:$Z$3,0))="n.q.",NA(),INDEX(Data!$P$4:$Z$947,MATCH(Graphs!$CK239,Data!$A$4:$A$947,0),MATCH(Graphs!CS$4,Data!$P$3:$Z$3,0)))} -> #ERROR! | CT239: {=IF(INDEX(Data!$P$4:$Z$947,MATCH(Graphs!$CK239,Data!$A$4:$A$947,0),MATCH(Graphs!CT$4,Data!$P$3:$Z$3,0))="n.q.",NA(),INDEX(Data!$P$4:$Z$947,MATCH(Graphs!$CK239,Data!$A$4:$A$947,0),MATCH(Graphs!CT$4,Data!$P$3:$Z$3,0)))} -> #ERROR! | CU239: {=IF(INDEX(Data!$P$4:$Z$947,MATCH(Graphs!$CK239,Data!$A$4:$A$947,0),MATCH(Graphs!CU$4,Data!$P$3:$Z$3,0))="n.q.",NA(),INDEX(Data!$P$4:$Z$947,MATCH(Graphs!$CK239,Data!$A$4:$A$947,0),MATCH(Graphs!CU$4,Data!$P$3:$Z$3,0)))} -> #ERROR! | CV239: {=IF(INDEX(Data!$P$4:$Z$947,MATCH(Graphs!$CK239,Data!$A$4:$A$947,0),MATCH(Graphs!CV$4,Data!$P$3:$Z$3,0))="n.q.",NA(),INDEX(Data!$P$4:$Z$947,MATCH(Graphs!$CK239,Data!$A$4:$A$947,0),MATCH(Graphs!CV$4,Data!$P$3:$Z$3,0)))} -> #ERROR!
CK240: =Data!#REF! -> #ERROR! | CL240: {=IF(INDEX(Data!$B$4:$L$947,MATCH(Graphs!$CK240,Data!$A$4:$A$947,0),MATCH(Graphs!CL$4,Data!$B$3:$L$3,0))="n.q.",NA(),INDEX(Data!$B$4:$L$947,MATCH(Graphs!$CK240,Data!$A$4:$A$947,0),MATCH(Graphs!CL$4,Data!$B$3:$L$3,0)))} -> #ERROR! | CM240: {=IF(INDEX(Data!$B$4:$L$947,MATCH(Graphs!$CK240,Data!$A$4:$A$947,0),MATCH(Graphs!CM$4,Data!$B$3:$L$3,0))="n.q.",NA(),INDEX(Data!$B$4:$L$947,MATCH(Graphs!$CK240,Data!$A$4:$A$947,0),MATCH(Graphs!CM$4,Data!$B$3:$L$3,0)))} -> #ERROR! | CN240: {=IF(INDEX(Data!$B$4:$L$947,MATCH(Graphs!$CK240,Data!$A$4:$A$947,0),MATCH(Graphs!CN$4,Data!$B$3:$L$3,0))="n.q.",NA(),INDEX(Data!$B$4:$L$947,MATCH(Graphs!$CK240,Data!$A$4:$A$947,0),MATCH(Graphs!CN$4,Data!$B$3:$L$3,0)))} -> #ERROR! | CO240: {=IF(INDEX(Data!$B$4:$L$947,MATCH(Graphs!$CK240,Data!$A$4:$A$947,0),MATCH(Graphs!CO$4,Data!$B$3:$L$3,0))="n.q.",NA(),INDEX(Data!$B$4:$L$947,MATCH(Graphs!$CK240,Data!$A$4:$A$947,0),MATCH(Graphs!CO$4,Data!$B$3:$L$3,0)))} -> #ERROR! | CP240: {=IF(INDEX(Data!$B$4:$L$947,MATCH(Graphs!$CK240,Data!$A$4:$A$947,0),MATCH(Graphs!CP$4,Data!$B$3:$L$3,0))="n.q.",NA(),INDEX(Data!$B$4:$L$947,MATCH(Graphs!$CK240,Data!$A$4:$A$947,0),MATCH(Graphs!CP$4,Data!$B$3:$L$3,0)))} -> #ERROR! | CR240: {=IF(INDEX(Data!$P$4:$Z$947,MATCH(Graphs!$CK240,Data!$A$4:$A$947,0),MATCH(Graphs!CR$4,Data!$P$3:$Z$3,0))="n.q.",NA(),INDEX(Data!$P$4:$Z$947,MATCH(Graphs!$CK240,Data!$A$4:$A$947,0),MATCH(Graphs!CR$4,Data!$P$3:$Z$3,0)))} -> #ERROR! | CS240: {=IF(INDEX(Data!$P$4:$Z$947,MATCH(Graphs!$CK240,Data!$A$4:$A$947,0),MATCH(Graphs!CS$4,Data!$P$3:$Z$3,0))="n.q.",NA(),INDEX(Data!$P$4:$Z$947,MATCH(Graphs!$CK240,Data!$A$4:$A$947,0),MATCH(Graphs!CS$4,Data!$P$3:$Z$3,0)))} -> #ERROR! | CT240: {=IF(INDEX(Data!$P$4:$Z$947,MATCH(Graphs!$CK240,Data!$A$4:$A$947,0),MATCH(Graphs!CT$4,Data!$P$3:$Z$3,0))="n.q.",NA(),INDEX(Data!$P$4:$Z$947,MATCH(Graphs!$CK240,Data!$A$4:$A$947,0),MATCH(Graphs!CT$4,Data!$P$3:$Z$3,0)))} -> #ERROR! | CU240: {=IF(INDEX(Data!$P$4:$Z$947,MATCH(Graphs!$CK240,Data!$A$4:$A$947,0),MATCH(Graphs!CU$4,Data!$P$3:$Z$3,0))="n.q.",NA(),INDEX(Data!$P$4:$Z$947,MATCH(Graphs!$CK240,Data!$A$4:$A$947,0),MATCH(Graphs!CU$4,Data!$P$3:$Z$3,0)))} -> #ERROR! | CV240: {=IF(INDEX(Data!$P$4:$Z$947,MATCH(Graphs!$CK240,Data!$A$4:$A$947,0),MATCH(Graphs!CV$4,Data!$P$3:$Z$3,0))="n.q.",NA(),INDEX(Data!$P$4:$Z$947,MATCH(Graphs!$CK240,Data!$A$4:$A$947,0),MATCH(Graphs!CV$4,Data!$P$3:$Z$3,0)))} -> #ERROR!
CK241: =Data!#REF! -> #ERROR! | CL241: {=IF(INDEX(Data!$B$4:$L$947,MATCH(Graphs!$CK241,Data!$A$4:$A$947,0),MATCH(Graphs!CL$4,Data!$B$3:$L$3,0))="n.q.",NA(),INDEX(Data!$B$4:$L$947,MATCH(Graphs!$CK241,Data!$A$4:$A$947,0),MATCH(Graphs!CL$4,Data!$B$3:$L$3,0)))} -> #ERROR! | CM241: {=IF(INDEX(Data!$B$4:$L$947,MATCH(Graphs!$CK241,Data!$A$4:$A$947,0),MATCH(Graphs!CM$4,Data!$B$3:$L$3,0))="n.q.",NA(),INDEX(Data!$B$4:$L$947,MATCH(Graphs!$CK241,Data!$A$4:$A$947,0),MATCH(Graphs!CM$4,Data!$B$3:$L$3,0)))} -> #ERROR! | CN241: {=IF(INDEX(Data!$B$4:$L$947,MATCH(Graphs!$CK241,Data!$A$4:$A$947,0),MATCH(Graphs!CN$4,Data!$B$3:$L$3,0))="n.q.",NA(),INDEX(Data!$B$4:$L$947,MATCH(Graphs!$CK241,Data!$A$4:$A$947,0),MATCH(Graphs!CN$4,Data!$B$3:$L$3,0)))} -> #ERROR! | CO241: {=IF(INDEX(Data!$B$4:$L$947,MATCH(Graphs!$CK241,Data!$A$4:$A$947,0),MATCH(Graphs!CO$4,Data!$B$3:$L$3,0))="n.q.",NA(),INDEX(Data!$B$4:$L$947,MATCH(Graphs!$CK241,Data!$A$4:$A$947,0),MATCH(Graphs!CO$4,Data!$B$3:$L$3,0)))} -> #ERROR! | CP241: {=IF(INDEX(Data!$B$4:$L$947,MATCH(Graphs!$CK241,Data!$A$4:$A$947,0),MATCH(Graphs!CP$4,Data!$B$3:$L$3,0))="n.q.",NA(),INDEX(Data!$B$4:$L$947,MATCH(Graphs!$CK241,Data!$A$4:$A$947,0),MATCH(Graphs!CP$4,Data!$B$3:$L$3,0)))} -> #ERROR! | CR241: {=IF(INDEX(Data!$P$4:$Z$947,MATCH(Graphs!$CK241,Data!$A$4:$A$947,0),MATCH(Graphs!CR$4,Data!$P$3:$Z$3,0))="n.q.",NA(),INDEX(Data!$P$4:$Z$947,MATCH(Graphs!$CK241,Data!$A$4:$A$947,0),MATCH(Graphs!CR$4,Data!$P$3:$Z$3,0)))} -> #ERROR! | CS241: {=IF(INDEX(Data!$P$4:$Z$947,MATCH(Graphs!$CK241,Data!$A$4:$A$947,0),MATCH(Graphs!CS$4,Data!$P$3:$Z$3,0))="n.q.",NA(),INDEX(Data!$P$4:$Z$947,MATCH(Graphs!$CK241,Data!$A$4:$A$947,0),MATCH(Graphs!CS$4,Data!$P$3:$Z$3,0)))} -> #ERROR! | CT241: {=IF(INDEX(Data!$P$4:$Z$947,MATCH(Graphs!$CK241,Data!$A$4:$A$947,0),MATCH(Graphs!CT$4,Data!$P$3:$Z$3,0))="n.q.",NA(),INDEX(Data!$P$4:$Z$947,MATCH(Graphs!$CK241,Data!$A$4:$A$947,0),MATCH(Graphs!CT$4,Data!$P$3:$Z$3,0)))} -> #ERROR! | CU241: {=IF(INDEX(Data!$P$4:$Z$947,MATCH(Graphs!$CK241,Data!$A$4:$A$947,0),MATCH(Graphs!CU$4,Data!$P$3:$Z$3,0))="n.q.",NA(),INDEX(Data!$P$4:$Z$947,MATCH(Graphs!$CK241,Data!$A$4:$A$947,0),MATCH(Graphs!CU$4,Data!$P$3:$Z$3,0)))} -> #ERROR! | CV241: {=IF(INDEX(Data!$P$4:$Z$947,MATCH(Graphs!$CK241,Data!$A$4:$A$947,0),MATCH(Graphs!CV$4,Data!$P$3:$Z$3,0))="n.q.",NA(),INDEX(Data!$P$4:$Z$947,MATCH(Graphs!$CK241,Data!$A$4:$A$947,0),MATCH(Graphs!CV$4,Data!$P$3:$Z$3,0)))} -> #ERROR!
CK242: =Data!#REF! -> #ERROR! | CL242: {=IF(INDEX(Data!$B$4:$L$947,MATCH(Graphs!$CK242,Data!$A$4:$A$947,0),MATCH(Graphs!CL$4,Data!$B$3:$L$3,0))="n.q.",NA(),INDEX(Data!$B$4:$L$947,MATCH(Graphs!$CK242,Data!$A$4:$A$947,0),MATCH(Graphs!CL$4,Data!$B$3:$L$3,0)))} -> #ERROR! | CM242: {=IF(INDEX(Data!$B$4:$L$947,MATCH(Graphs!$CK242,Data!$A$4:$A$947,0),MATCH(Graphs!CM$4,Data!$B$3:$L$3,0))="n.q.",NA(),INDEX(Data!$B$4:$L$947,MATCH(Graphs!$CK242,Data!$A$4:$A$947,0),MATCH(Graphs!CM$4,Data!$B$3:$L$3,0)))} -> #ERROR! | CN242: {=IF(INDEX(Data!$B$4:$L$947,MATCH(Graphs!$CK242,Data!$A$4:$A$947,0),MATCH(Graphs!CN$4,Data!$B$3:$L$3,0))="n.q.",NA(),INDEX(Data!$B$4:$L$947,MATCH(Graphs!$CK242,Data!$A$4:$A$947,0),MATCH(Graphs!CN$4,Data!$B$3:$L$3,0)))} -> #ERROR! | CO242: {=IF(INDEX(Data!$B$4:$L$947,MATCH(Graphs!$CK242,Data!$A$4:$A$947,0),MATCH(Graphs!CO$4,Data!$B$3:$L$3,0))="n.q.",NA(),INDEX(Data!$B$4:$L$947,MATCH(Graphs!$CK242,Data!$A$4:$A$947,0),MATCH(Graphs!CO$4,Data!$B$3:$L$3,0)))} -> #ERROR! | CP242: {=IF(INDEX(Data!$B$4:$L$947,MATCH(Graphs!$CK242,Data!$A$4:$A$947,0),MATCH(Graphs!CP$4,Data!$B$3:$L$3,0))="n.q.",NA(),INDEX(Data!$B$4:$L$947,MATCH(Graphs!$CK242,Data!$A$4:$A$947,0),MATCH(Graphs!CP$4,Data!$B$3:$L$3,0)))} -> #ERROR! | CR242: {=IF(INDEX(Data!$P$4:$Z$947,MATCH(Graphs!$CK242,Data!$A$4:$A$947,0),MATCH(Graphs!CR$4,Data!$P$3:$Z$3,0))="n.q.",NA(),INDEX(Data!$P$4:$Z$947,MATCH(Graphs!$CK242,Data!$A$4:$A$947,0),MATCH(Graphs!CR$4,Data!$P$3:$Z$3,0)))} -> #ERROR! | CS242: {=IF(INDEX(Data!$P$4:$Z$947,MATCH(Graphs!$CK242,Data!$A$4:$A$947,0),MATCH(Graphs!CS$4,Data!$P$3:$Z$3,0))="n.q.",NA(),INDEX(Data!$P$4:$Z$947,MATCH(Graphs!$CK242,Data!$A$4:$A$947,0),MATCH(Graphs!CS$4,Data!$P$3:$Z$3,0)))} -> #ERROR! | CT242: {=IF(INDEX(Data!$P$4:$Z$947,MATCH(Graphs!$CK242,Data!$A$4:$A$947,0),MATCH(Graphs!CT$4,Data!$P$3:$Z$3,0))="n.q.",NA(),INDEX(Data!$P$4:$Z$947,MATCH(Graphs!$CK242,Data!$A$4:$A$947,0),MATCH(Graphs!CT$4,Data!$P$3:$Z$3,0)))} -> #ERROR! | CU242: {=IF(INDEX(Data!$P$4:$Z$947,MATCH(Graphs!$CK242,Data!$A$4:$A$947,0),MATCH(Graphs!CU$4,Data!$P$3:$Z$3,0))="n.q.",NA(),INDEX(Data!$P$4:$Z$947,MATCH(Graphs!$CK242,Data!$A$4:$A$947,0),MATCH(Graphs!CU$4,Data!$P$3:$Z$3,0)))} -> #ERROR! | CV242: {=IF(INDEX(Data!$P$4:$Z$947,MATCH(Graphs!$CK242,Data!$A$4:$A$947,0),MATCH(Graphs!CV$4,Data!$P$3:$Z$3,0))="n.q.",NA(),INDEX(Data!$P$4:$Z$947,MATCH(Graphs!$CK242,Data!$A$4:$A$947,0),MATCH(Graphs!CV$4,Data!$P$3:$Z$3,0)))} -> #ERROR!
CK243: =Data!#REF! -> #ERROR! | CL243: {=IF(INDEX(Data!$B$4:$L$947,MATCH(Graphs!$CK243,Data!$A$4:$A$947,0),MATCH(Graphs!CL$4,Data!$B$3:$L$3,0))="n.q.",NA(),INDEX(Data!$B$4:$L$947,MATCH(Graphs!$CK243,Data!$A$4:$A$947,0),MATCH(Graphs!CL$4,Data!$B$3:$L$3,0)))} -> #ERROR! | CM243: {=IF(INDEX(Data!$B$4:$L$947,MATCH(Graphs!$CK243,Data!$A$4:$A$947,0),MATCH(Graphs!CM$4,Data!$B$3:$L$3,0))="n.q.",NA(),INDEX(Data!$B$4:$L$947,MATCH(Graphs!$CK243,Data!$A$4:$A$947,0),MATCH(Graphs!CM$4,Data!$B$3:$L$3,0)))} -> #ERROR! | CN243: {=IF(INDEX(Data!$B$4:$L$947,MATCH(Graphs!$CK243,Data!$A$4:$A$947,0),MATCH(Graphs!CN$4,Data!$B$3:$L$3,0))="n.q.",NA(),INDEX(Data!$B$4:$L$947,MATCH(Graphs!$CK243,Data!$A$4:$A$947,0),MATCH(Graphs!CN$4,Data!$B$3:$L$3,0)))} -> #ERROR! | CO243: {=IF(INDEX(Data!$B$4:$L$947,MATCH(Graphs!$CK243,Data!$A$4:$A$947,0),MATCH(Graphs!CO$4,Data!$B$3:$L$3,0))="n.q.",NA(),INDEX(Data!$B$4:$L$947,MATCH(Graphs!$CK243,Data!$A$4:$A$947,0),MATCH(Graphs!CO$4,Data!$B$3:$L$3,0)))} -> #ERROR! | CP243: {=IF(INDEX(Data!$B$4:$L$947,MATCH(Graphs!$CK243,Data!$A$4:$A$947,0),MATCH(Graphs!CP$4,Data!$B$3:$L$3,0))="n.q.",NA(),INDEX(Data!$B$4:$L$947,MATCH(Graphs!$CK243,Data!$A$4:$A$947,0),MATCH(Graphs!CP$4,Data!$B$3:$L$3,0)))} -> #ERROR! | CR243: {=IF(INDEX(Data!$P$4:$Z$947,MATCH(Graphs!$CK243,Data!$A$4:$A$947,0),MATCH(Graphs!CR$4,Data!$P$3:$Z$3,0))="n.q.",NA(),INDEX(Data!$P$4:$Z$947,MATCH(Graphs!$CK243,Data!$A$4:$A$947,0),MATCH(Graphs!CR$4,Data!$P$3:$Z$3,0)))} -> #ERROR! | CS243: {=IF(INDEX(Data!$P$4:$Z$947,MATCH(Graphs!$CK243,Data!$A$4:$A$947,0),MATCH(Graphs!CS$4,Data!$P$3:$Z$3,0))="n.q.",NA(),INDEX(Data!$P$4:$Z$947,MATCH(Graphs!$CK243,Data!$A$4:$A$947,0),MATCH(Graphs!CS$4,Data!$P$3:$Z$3,0)))} -> #ERROR! | CT243: {=IF(INDEX(Data!$P$4:$Z$947,MATCH(Graphs!$CK243,Data!$A$4:$A$947,0),MATCH(Graphs!CT$4,Data!$P$3:$Z$3,0))="n.q.",NA(),INDEX(Data!$P$4:$Z$947,MATCH(Graphs!$CK243,Data!$A$4:$A$947,0),MATCH(Graphs!CT$4,Data!$P$3:$Z$3,0)))} -> #ERROR! | CU243: {=IF(INDEX(Data!$P$4:$Z$947,MATCH(Graphs!$CK243,Data!$A$4:$A$947,0),MATCH(Graphs!CU$4,Data!$P$3:$Z$3,0))="n.q.",NA(),INDEX(Data!$P$4:$Z$947,MATCH(Graphs!$CK243,Data!$A$4:$A$947,0),MATCH(Graphs!CU$4,Data!$P$3:$Z$3,0)))} -> #ERROR! | CV243: {=IF(INDEX(Data!$P$4:$Z$947,MATCH(Graphs!$CK243,Data!$A$4:$A$947,0),MATCH(Graphs!CV$4,Data!$P$3:$Z$3,0))="n.q.",NA(),INDEX(Data!$P$4:$Z$947,MATCH(Graphs!$CK243,Data!$A$4:$A$947,0),MATCH(Graphs!CV$4,Data!$P$3:$Z$3,0)))} -> #ERROR!
CK244: =Data!A230 -> 44384 | CL244: {=IF(INDEX(Data!$B$4:$L$947,MATCH(Graphs!$CK244,Data!$A$4:$A$947,0),MATCH(Graphs!CL$4,Data!$B$3:$L$3,0))="n.q.",NA(),INDEX(Data!$B$4:$L$947,MATCH(Graphs!$CK244,Data!$A$4:$A$947,0),MATCH(Graphs!CL$4,Data!$B$3:$L$3,0)))} -> 241.68 | CM244: {=IF(INDEX(Data!$B$4:$L$947,MATCH(Graphs!$CK244,Data!$A$4:$A$947,0),MATCH(Graphs!CM$4,Data!$B$3:$L$3,0))="n.q.",NA(),INDEX(Data!$B$4:$L$947,MATCH(Graphs!$CK244,Data!$A$4:$A$947,0),MATCH(Graphs!CM$4,Data!$B$3:$L$3,0)))} -> 274.11 | CN244: {=IF(INDEX(Data!$B$4:$L$947,MATCH(Graphs!$CK244,Data!$A$4:$A$947,0),MATCH(Graphs!CN$4,Data!$B$3:$L$3,0))="n.q.",NA(),INDEX(Data!$B$4:$L$947,MATCH(Graphs!$CK244,Data!$A$4:$A$947,0),MATCH(Graphs!CN$4,Data!$B$3:$L$3,0)))} -> 220 | CO244: {=IF(INDEX(Data!$B$4:$L$947,MATCH(Graphs!$CK244,Data!$A$4:$A$947,0),MATCH(Graphs!CO$4,Data!$B$3:$L$3,0))="n.q.",NA(),INDEX(Data!$B$4:$L$947,MATCH(Graphs!$CK244,Data!$A$4:$A$947,0),MATCH(Graphs!CO$4,Data!$B$3:$L$3,0)))} -> #N/A | CP244: {=IF(INDEX(Data!$B$4:$L$947,MATCH(Graphs!$CK244,Data!$A$4:$A$947,0),MATCH(Graphs!CP$4,Data!$B$3:$L$3,0))="n.q.",NA(),INDEX(Data!$B$4:$L$947,MATCH(Graphs!$CK244,Data!$A$4:$A$947,0),MATCH(Graphs!CP$4,Data!$B$3:$L$3,0)))} -> #N/A | CR244: {=IF(INDEX(Data!$P$4:$Z$947,MATCH(Graphs!$CK244,Data!$A$4:$A$947,0),MATCH(Graphs!CR$4,Data!$P$3:$Z$3,0))="n.q.",NA(),INDEX(Data!$P$4:$Z$947,MATCH(Graphs!$CK244,Data!$A$4:$A$947,0),MATCH(Graphs!CR$4,Data!$P$3:$Z$3,0)))} -> 240.49531 | CS244: {=IF(INDEX(Data!$P$4:$Z$947,MATCH(Graphs!$CK244,Data!$A$4:$A$947,0),MATCH(Graphs!CS$4,Data!$P$3:$Z$3,0))="n.q.",NA(),INDEX(Data!$P$4:$Z$947,MATCH(Graphs!$CK244,Data!$A$4:$A$947,0),MATCH(Graphs!CS$4,Data!$P$3:$Z$3,0)))} -> 251.16 | CT244: {=IF(INDEX(Data!$P$4:$Z$947,MATCH(Graphs!$CK244,Data!$A$4:$A$947,0),MATCH(Graphs!CT$4,Data!$P$3:$Z$3,0))="n.q.",NA(),INDEX(Data!$P$4:$Z$947,MATCH(Graphs!$CK244,Data!$A$4:$A$947,0),MATCH(Graphs!CT$4,Data!$P$3:$Z$3,0)))} -> 231.59496 | CU244: {=IF(INDEX(Data!$P$4:$Z$947,MATCH(Graphs!$CK244,Data!$A$4:$A$947,0),MATCH(Graphs!CU$4,Data!$P$3:$Z$3,0))="n.q.",NA(),INDEX(Data!$P$4:$Z$947,MATCH(Graphs!$CK244,Data!$A$4:$A$947,0),MATCH(Graphs!CU$4,Data!$P$3:$Z$3,0)))} -> #N/A | CV244: {=IF(INDEX(Data!$P$4:$Z$947,MATCH(Graphs!$CK244,Data!$A$4:$A$947,0),MATCH(Graphs!CV$4,Data!$P$3:$Z$3,0))="n.q.",NA(),INDEX(Data!$P$4:$Z$947,MATCH(Graphs!$CK244,Data!$A$4:$A$947,0),MATCH(Graphs!CV$4,Data!$P$3:$Z$3,0)))} -> #N/A
CK245: =Data!A231 -> 44377 | CL245: {=IF(INDEX(Data!$B$4:$L$947,MATCH(Graphs!$CK245,Data!$A$4:$A$947,0),MATCH(Graphs!CL$4,Data!$B$3:$L$3,0))="n.q.",NA(),INDEX(Data!$B$4:$L$947,MATCH(Graphs!$CK245,Data!$A$4:$A$947,0),MATCH(Graphs!CL$4,Data!$B$3:$L$3,0)))} -> 250.92 | CM245: {=IF(INDEX(Data!$B$4:$L$947,MATCH(Graphs!$CK245,Data!$A$4:$A$947,0),MATCH(Graphs!CM$4,Data!$B$3:$L$3,0))="n.q.",NA(),INDEX(Data!$B$4:$L$947,MATCH(Graphs!$CK245,Data!$A$4:$A$947,0),MATCH(Graphs!CM$4,Data!$B$3:$L$3,0)))} -> 295.88 | CN245: {=IF(INDEX(Data!$B$4:$L$947,MATCH(Graphs!$CK245,Data!$A$4:$A$947,0),MATCH(Graphs!CN$4,Data!$B$3:$L$3,0))="n.q.",NA(),INDEX(Data!$B$4:$L$947,MATCH(Graphs!$CK245,Data!$A$4:$A$947,0),MATCH(Graphs!CN$4,Data!$B$3:$L$3,0)))} -> 235 | CO245: {=IF(INDEX(Data!$B$4:$L$947,MATCH(Graphs!$CK245,Data!$A$4:$A$947,0),MATCH(Graphs!CO$4,Data!$B$3:$L$3,0))="n.q.",NA(),INDEX(Data!$B$4:$L$947,MATCH(Graphs!$CK245,Data!$A$4:$A$947,0),MATCH(Graphs!CO$4,Data!$B$3:$L$3,0)))} -> #N/A | CP245: {=IF(INDEX(Data!$B$4:$L$947,MATCH(Graphs!$CK245,Data!$A$4:$A$947,0),MATCH(Graphs!CP$4,Data!$B$3:$L$3,0))="n.q.",NA(),INDEX(Data!$B$4:$L$947,MATCH(Graphs!$CK245,Data!$A$4:$A$947,0),MATCH(Graphs!CP$4,Data!$B$3:$L$3,0)))} -> #N/A | CR245: {=IF(INDEX(Data!$P$4:$Z$947,MATCH(Graphs!$CK245,Data!$A$4:$A$947,0),MATCH(Graphs!CR$4,Data!$P$3:$Z$3,0))="n.q.",NA(),INDEX(Data!$P$4:$Z$947,MATCH(Graphs!$CK245,Data!$A$4:$A$947,0),MATCH(Graphs!CR$4,Data!$P$3:$Z$3,0)))} -> 263.3625 | CS245: {=IF(INDEX(Data!$P$4:$Z$947,MATCH(Graphs!$CK245,Data!$A$4:$A$947,0),MATCH(Graphs!CS$4,Data!$P$3:$Z$3,0))="n.q.",NA(),INDEX(Data!$P$4:$Z$947,MATCH(Graphs!$CK245,Data!$A$4:$A$947,0),MATCH(Graphs!CS$4,Data!$P$3:$Z$3,0)))} -> 262.23 | CT245: {=IF(INDEX(Data!$P$4:$Z$947,MATCH(Graphs!$CK245,Data!$A$4:$A$947,0),MATCH(Graphs!CT$4,Data!$P$3:$Z$3,0))="n.q.",NA(),INDEX(Data!$P$4:$Z$947,MATCH(Graphs!$CK245,Data!$A$4:$A$947,0),MATCH(Graphs!CT$4,Data!$P$3:$Z$3,0)))} -> 235.61091 | CU245: {=IF(INDEX(Data!$P$4:$Z$947,MATCH(Graphs!$CK245,Data!$A$4:$A$947,0),MATCH(Graphs!CU$4,Data!$P$3:$Z$3,0))="n.q.",NA(),INDEX(Data!$P$4:$Z$947,MATCH(Graphs!$CK245,Data!$A$4:$A$947,0),MATCH(Graphs!CU$4,Data!$P$3:$Z$3,0)))} -> #N/A | CV245: {=IF(INDEX(Data!$P$4:$Z$947,MATCH(Graphs!$CK245,Data!$A$4:$A$947,0),MATCH(Graphs!CV$4,Data!$P$3:$Z$3,0))="n.q.",NA(),INDEX(Data!$P$4:$Z$947,MATCH(Graphs!$CK245,Data!$A$4:$A$947,0),MATCH(Graphs!CV$4,Data!$P$3:$Z$3,0)))} -> #N/A
CK246: =Data!A232 -> 44370 | CL246: {=IF(INDEX(Data!$B$4:$L$947,MATCH(Graphs!$CK246,Data!$A$4:$A$947,0),MATCH(Graphs!CL$4,Data!$B$3:$L$3,0))="n.q.",NA(),INDEX(Data!$B$4:$L$947,MATCH(Graphs!$CK246,Data!$A$4:$A$947,0),MATCH(Graphs!CL$4,Data!$B$3:$L$3,0)))} -> 250.66 | CM246: {=IF(INDEX(Data!$B$4:$L$947,MATCH(Graphs!$CK246,Data!$A$4:$A$947,0),MATCH(Graphs!CM$4,Data!$B$3:$L$3,0))="n.q.",NA(),INDEX(Data!$B$4:$L$947,MATCH(Graphs!$CK246,Data!$A$4:$A$947,0),MATCH(Graphs!CM$4,Data!$B$3:$L$3,0)))} -> 281.82 | CN246: {=IF(INDEX(Data!$B$4:$L$947,MATCH(Graphs!$CK246,Data!$A$4:$A$947,0),MATCH(Graphs!CN$4,Data!$B$3:$L$3,0))="n.q.",NA(),INDEX(Data!$B$4:$L$947,MATCH(Graphs!$CK246,Data!$A$4:$A$947,0),MATCH(Graphs!CN$4,Data!$B$3:$L$3,0)))} -> 239 | CO246: {=IF(INDEX(Data!$B$4:$L$947,MATCH(Graphs!$CK246,Data!$A$4:$A$947,0),MATCH(Graphs!CO$4,Data!$B$3:$L$3,0))="n.q.",NA(),INDEX(Data!$B$4:$L$947,MATCH(Graphs!$CK246,Data!$A$4:$A$947,0),MATCH(Graphs!CO$4,Data!$B$3:$L$3,0)))} -> #N/A | CP246: {=IF(INDEX(Data!$B$4:$L$947,MATCH(Graphs!$CK246,Data!$A$4:$A$947,0),MATCH(Graphs!CP$4,Data!$B$3:$L$3,0))="n.q.",NA(),INDEX(Data!$B$4:$L$947,MATCH(Graphs!$CK246,Data!$A$4:$A$947,0),MATCH(Graphs!CP$4,Data!$B$3:$L$3,0)))} -> #N/A | CR246: {=IF(INDEX(Data!$P$4:$Z$947,MATCH(Graphs!$CK246,Data!$A$4:$A$947,0),MATCH(Graphs!CR$4,Data!$P$3:$Z$3,0))="n.q.",NA(),INDEX(Data!$P$4:$Z$947,MATCH(Graphs!$CK246,Data!$A$4:$A$947,0),MATCH(Graphs!CR$4,Data!$P$3:$Z$3,0)))} -> 243.51937 | CS246: {=IF(INDEX(Data!$P$4:$Z$947,MATCH(Graphs!$CK246,Data!$A$4:$A$947,0),MATCH(Graphs!CS$4,Data!$P$3:$Z$3,0))="n.q.",NA(),INDEX(Data!$P$4:$Z$947,MATCH(Graphs!$CK246,Data!$A$4:$A$947,0),MATCH(Graphs!CS$4,Data!$P$3:$Z$3,0)))} -> 275.23 | CT246: {=IF(INDEX(Data!$P$4:$Z$947,MATCH(Graphs!$CK246,Data!$A$4:$A$947,0),MATCH(Graphs!CT$4,Data!$P$3:$Z$3,0))="n.q.",NA(),INDEX(Data!$P$4:$Z$947,MATCH(Graphs!$CK246,Data!$A$4:$A$947,0),MATCH(Graphs!CT$4,Data!$P$3:$Z$3,0)))} -> 235.96352 | CU246: {=IF(INDEX(Data!$P$4:$Z$947,MATCH(Graphs!$CK246,Data!$A$4:$A$947,0),MATCH(Graphs!CU$4,Data!$P$3:$Z$3,0))="n.q.",NA(),INDEX(Data!$P$4:$Z$947,MATCH(Graphs!$CK246,Data!$A$4:$A$947,0),MATCH(Graphs!CU$4,Data!$P$3:$Z$3,0)))} -> #N/A | CV246: {=IF(INDEX(Data!$P$4:$Z$947,MATCH(Graphs!$CK246,Data!$A$4:$A$947,0),MATCH(Graphs!CV$4,Data!$P$3:$Z$3,0))="n.q.",NA(),INDEX(Data!$P$4:$Z$947,MATCH(Graphs!$CK246,Data!$A$4:$A$947,0),MATCH(Graphs!CV$4,Data!$P$3:$Z$3,0)))} -> #N/A
CK247: =Data!A233 -> 44363 | CL247: {=IF(INDEX(Data!$B$4:$L$947,MATCH(Graphs!$CK247,Data!$A$4:$A$947,0),MATCH(Graphs!CL$4,Data!$B$3:$L$3,0))="n.q.",NA(),INDEX(Data!$B$4:$L$947,MATCH(Graphs!$CK247,Data!$A$4:$A$947,0),MATCH(Graphs!CL$4,Data!$B$3:$L$3,0)))} -> 255.42 | CM247: {=IF(INDEX(Data!$B$4:$L$947,MATCH(Graphs!$CK247,Data!$A$4:$A$947,0),MATCH(Graphs!CM$4,Data!$B$3:$L$3,0))="n.q.",NA(),INDEX(Data!$B$4:$L$947,MATCH(Graphs!$CK247,Data!$A$4:$A$947,0),MATCH(Graphs!CM$4,Data!$B$3:$L$3,0)))} -> 283.2 | CN247: {=IF(INDEX(Data!$B$4:$L$947,MATCH(Graphs!$CK247,Data!$A$4:$A$947,0),MATCH(Graphs!CN$4,Data!$B$3:$L$3,0))="n.q.",NA(),INDEX(Data!$B$4:$L$947,MATCH(Graphs!$CK247,Data!$A$4:$A$947,0),MATCH(Graphs!CN$4,Data!$B$3:$L$3,0)))} -> 248 | CO247: {=IF(INDEX(Data!$B$4:$L$947,MATCH(Graphs!$CK247,Data!$A$4:$A$947,0),MATCH(Graphs!CO$4,Data!$B$3:$L$3,0))="n.q.",NA(),INDEX(Data!$B$4:$L$947,MATCH(Graphs!$CK247,Data!$A$4:$A$947,0),MATCH(Graphs!CO$4,Data!$B$3:$L$3,0)))} -> #N/A | CP247: {=IF(INDEX(Data!$B$4:$L$947,MATCH(Graphs!$CK247,Data!$A$4:$A$947,0),MATCH(Graphs!CP$4,Data!$B$3:$L$3,0))="n.q.",NA(),INDEX(Data!$B$4:$L$947,MATCH(Graphs!$CK247,Data!$A$4:$A$947,0),MATCH(Graphs!CP$4,Data!$B$3:$L$3,0)))} -> #N/A | CR247: {=IF(INDEX(Data!$P$4:$Z$947,MATCH(Graphs!$CK247,Data!$A$4:$A$947,0),MATCH(Graphs!CR$4,Data!$P$3:$Z$3,0))="n.q.",NA(),INDEX(Data!$P$4:$Z$947,MATCH(Graphs!$CK247,Data!$A$4:$A$947,0),MATCH(Graphs!CR$4,Data!$P$3:$Z$3,0)))} -> 246.45332 | CS247: {=IF(INDEX(Data!$P$4:$Z$947,MATCH(Graphs!$CK247,Data!$A$4:$A$947,0),MATCH(Graphs!CS$4,Data!$P$3:$Z$3,0))="n.q.",NA(),INDEX(Data!$P$4:$Z$947,MATCH(Graphs!$CK247,Data!$A$4:$A$947,0),MATCH(Graphs!CS$4,Data!$P$3:$Z$3,0)))} -> #N/A | CT247: {=IF(INDEX(Data!$P$4:$Z$947,MATCH(Graphs!$CK247,Data!$A$4:$A$947,0),MATCH(Graphs!CT$4,Data!$P$3:$Z$3,0))="n.q.",NA(),INDEX(Data!$P$4:$Z$947,MATCH(Graphs!$CK247,Data!$A$4:$A$947,0),MATCH(Graphs!CT$4,Data!$P$3:$Z$3,0)))} -> 238.37017 | CU247: {=IF(INDEX(Data!$P$4:$Z$947,MATCH(Graphs!$CK247,Data!$A$4:$A$947,0),MATCH(Graphs!CU$4,Data!$P$3:$Z$3,0))="n.q.",NA(),INDEX(Data!$P$4:$Z$947,MATCH(Graphs!$CK247,Data!$A$4:$A$947,0),MATCH(Graphs!CU$4,Data!$P$3:$Z$3,0)))} -> #N/A | CV247: {=IF(INDEX(Data!$P$4:$Z$947,MATCH(Graphs!$CK247,Data!$A$4:$A$947,0),MATCH(Graphs!CV$4,Data!$P$3:$Z$3,0))="n.q.",NA(),INDEX(Data!$P$4:$Z$947,MATCH(Graphs!$CK247,Data!$A$4:$A$947,0),MATCH(Graphs!CV$4,Data!$P$3:$Z$3,0)))} -> #N/A
CK248: =Data!A234 -> 44356 | CL248: {=IF(INDEX(Data!$B$4:$L$947,MATCH(Graphs!$CK248,Data!$A$4:$A$947,0),MATCH(Graphs!CL$4,Data!$B$3:$L$3,0))="n.q.",NA(),INDEX(Data!$B$4:$L$947,MATCH(Graphs!$CK248,Data!$A$4:$A$947,0),MATCH(Graphs!CL$4,Data!$B$3:$L$3,0)))} -> 286.31 | CM248: {=IF(INDEX(Data!$B$4:$L$947,MATCH(Graphs!$CK248,Data!$A$4:$A$947,0),MATCH(Graphs!CM$4,Data!$B$3:$L$3,0))="n.q.",NA(),INDEX(Data!$B$4:$L$947,MATCH(Graphs!$CK248,Data!$A$4:$A$947,0),MATCH(Graphs!CM$4,Data!$B$3:$L$3,0)))} -> 292.39 | CN248: {=IF(INDEX(Data!$B$4:$L$947,MATCH(Graphs!$CK248,Data!$A$4:$A$947,0),MATCH(Graphs!CN$4,Data!$B$3:$L$3,0))="n.q.",NA(),INDEX(Data!$B$4:$L$947,MATCH(Graphs!$CK248,Data!$A$4:$A$947,0),MATCH(Graphs!CN$4,Data!$B$3:$L$3,0)))} -> 260 | CO248: {=IF(INDEX(Data!$B$4:$L$947,MATCH(Graphs!$CK248,Data!$A$4:$A$947,0),MATCH(Graphs!CO$4,Data!$B$3:$L$3,0))="n.q.",NA(),INDEX(Data!$B$4:$L$947,MATCH(Graphs!$CK248,Data!$A$4:$A$947,0),MATCH(Graphs!CO$4,Data!$B$3:$L$3,0)))} -> #N/A | CP248: {=IF(INDEX(Data!$B$4:$L$947,MATCH(Graphs!$CK248,Data!$A$4:$A$947,0),MATCH(Graphs!CP$4,Data!$B$3:$L$3,0))="n.q.",NA(),INDEX(Data!$B$4:$L$947,MATCH(Graphs!$CK248,Data!$A$4:$A$947,0),MATCH(Graphs!CP$4,Data!$B$3:$L$3,0)))} -> #N/A | CR248: {=IF(INDEX(Data!$P$4:$Z$947,MATCH(Graphs!$CK248,Data!$A$4:$A$947,0),MATCH(Graphs!CR$4,Data!$P$3:$Z$3,0))="n.q.",NA(),INDEX(Data!$P$4:$Z$947,MATCH(Graphs!$CK248,Data!$A$4:$A$947,0),MATCH(Graphs!CR$4,Data!$P$3:$Z$3,0)))} -> 254.30094 | CS248: {=IF(INDEX(Data!$P$4:$Z$947,MATCH(Graphs!$CK248,Data!$A$4:$A$947,0),MATCH(Graphs!CS$4,Data!$P$3:$Z$3,0))="n.q.",NA(),INDEX(Data!$P$4:$Z$947,MATCH(Graphs!$CK248,Data!$A$4:$A$947,0),MATCH(Graphs!CS$4,Data!$P$3:$Z$3,0)))} -> #N/A | CT248: {=IF(INDEX(Data!$P$4:$Z$947,MATCH(Graphs!$CK248,Data!$A$4:$A$947,0),MATCH(Graphs!CT$4,Data!$P$3:$Z$3,0))="n.q.",NA(),INDEX(Data!$P$4:$Z$947,MATCH(Graphs!$CK248,Data!$A$4:$A$947,0),MATCH(Graphs!CT$4,Data!$P$3:$Z$3,0)))} -> 244.36244 | CU248: {=IF(INDEX(Data!$P$4:$Z$947,MATCH(Graphs!$CK248,Data!$A$4:$A$947,0),MATCH(Graphs!CU$4,Data!$P$3:$Z$3,0))="n.q.",NA(),INDEX(Data!$P$4:$Z$947,MATCH(Graphs!$CK248,Data!$A$4:$A$947,0),MATCH(Graphs!CU$4,Data!$P$3:$Z$3,0)))} -> #N/A | CV248: {=IF(INDEX(Data!$P$4:$Z$947,MATCH(Graphs!$CK248,Data!$A$4:$A$947,0),MATCH(Graphs!CV$4,Data!$P$3:$Z$3,0))="n.q.",NA(),INDEX(Data!$P$4:$Z$947,MATCH(Graphs!$CK248,Data!$A$4:$A$947,0),MATCH(Graphs!CV$4,Data!$P$3:$Z$3,0)))} -> #N/A
CK249: =Data!A235 -> 44349 | CL249: {=IF(INDEX(Data!$B$4:$L$947,MATCH(Graphs!$CK249,Data!$A$4:$A$947,0),MATCH(Graphs!CL$4,Data!$B$3:$L$3,0))="n.q.",NA(),INDEX(Data!$B$4:$L$947,MATCH(Graphs!$CK249,Data!$A$4:$A$947,0),MATCH(Graphs!CL$4,Data!$B$3:$L$3,0)))} -> 291.89 | CM249: {=IF(INDEX(Data!$B$4:$L$947,MATCH(Graphs!$CK249,Data!$A$4:$A$947,0),MATCH(Graphs!CM$4,Data!$B$3:$L$3,0))="n.q.",NA(),INDEX(Data!$B$4:$L$947,MATCH(Graphs!$CK249,Data!$A$4:$A$947,0),MATCH(Graphs!CM$4,Data!$B$3:$L$3,0)))} -> 287.98 | CN249: {=IF(INDEX(Data!$B$4:$L$947,MATCH(Graphs!$CK249,Data!$A$4:$A$947,0),MATCH(Graphs!CN$4,Data!$B$3:$L$3,0))="n.q.",NA(),INDEX(Data!$B$4:$L$947,MATCH(Graphs!$CK249,Data!$A$4:$A$947,0),MATCH(Graphs!CN$4,Data!$B$3:$L$3,0)))} -> 263 | CO249: {=IF(INDEX(Data!$B$4:$L$947,MATCH(Graphs!$CK249,Data!$A$4:$A$947,0),MATCH(Graphs!CO$4,Data!$B$3:$L$3,0))="n.q.",NA(),INDEX(Data!$B$4:$L$947,MATCH(Graphs!$CK249,Data!$A$4:$A$947,0),MATCH(Graphs!CO$4,Data!$B$3:$L$3,0)))} -> #N/A | CP249: {=IF(INDEX(Data!$B$4:$L$947,MATCH(Graphs!$CK249,Data!$A$4:$A$947,0),MATCH(Graphs!CP$4,Data!$B$3:$L$3,0))="n.q.",NA(),INDEX(Data!$B$4:$L$947,MATCH(Graphs!$CK249,Data!$A$4:$A$947,0),MATCH(Graphs!CP$4,Data!$B$3:$L$3,0)))} -> #N/A | CR249: {=IF(INDEX(Data!$P$4:$Z$947,MATCH(Graphs!$CK249,Data!$A$4:$A$947,0),MATCH(Graphs!CR$4,Data!$P$3:$Z$3,0))="n.q.",NA(),INDEX(Data!$P$4:$Z$947,MATCH(Graphs!$CK249,Data!$A$4:$A$947,0),MATCH(Graphs!CR$4,Data!$P$3:$Z$3,0)))} -> 253.60249 | CS249: {=IF(INDEX(Data!$P$4:$Z$947,MATCH(Graphs!$CK249,Data!$A$4:$A$947,0),MATCH(Graphs!CS$4,Data!$P$3:$Z$3,0))="n.q.",NA(),INDEX(Data!$P$4:$Z$947,MATCH(Graphs!$CK249,Data!$A$4:$A$947,0),MATCH(Graphs!CS$4,Data!$P$3:$Z$3,0)))} -> #N/A | CT249: {=IF(INDEX(Data!$P$4:$Z$947,MATCH(Graphs!$CK249,Data!$A$4:$A$947,0),MATCH(Graphs!CT$4,Data!$P$3:$Z$3,0))="n.q.",NA(),INDEX(Data!$P$4:$Z$947,MATCH(Graphs!$CK249,Data!$A$4:$A$947,0),MATCH(Graphs!CT$4,Data!$P$3:$Z$3,0)))} -> 243.7223 | CU249: {=IF(INDEX(Data!$P$4:$Z$947,MATCH(Graphs!$CK249,Data!$A$4:$A$947,0),MATCH(Graphs!CU$4,Data!$P$3:$Z$3,0))="n.q.",NA(),INDEX(Data!$P$4:$Z$947,MATCH(Graphs!$CK249,Data!$A$4:$A$947,0),MATCH(Graphs!CU$4,Data!$P$3:$Z$3,0)))} -> #N/A | CV249: {=IF(INDEX(Data!$P$4:$Z$947,MATCH(Graphs!$CK249,Data!$A$4:$A$947,0),MATCH(Graphs!CV$4,Data!$P$3:$Z$3,0))="n.q.",NA(),INDEX(Data!$P$4:$Z$947,MATCH(Graphs!$CK249,Data!$A$4:$A$947,0),MATCH(Graphs!CV$4,Data!$P$3:$Z$3,0)))} -> #N/A
CK250: =Data!A236 -> 44342 | CL250: {=IF(INDEX(Data!$B$4:$L$947,MATCH(Graphs!$CK250,Data!$A$4:$A$947,0),MATCH(Graphs!CL$4,Data!$B$3:$L$3,0))="n.q.",NA(),INDEX(Data!$B$4:$L$947,MATCH(Graphs!$CK250,Data!$A$4:$A$947,0),MATCH(Graphs!CL$4,Data!$B$3:$L$3,0)))} -> 279.53 | CM250: {=IF(INDEX(Data!$B$4:$L$947,MATCH(Graphs!$CK250,Data!$A$4:$A$947,0),MATCH(Graphs!CM$4,Data!$B$3:$L$3,0))="n.q.",NA(),INDEX(Data!$B$4:$L$947,MATCH(Graphs!$CK250,Data!$A$4:$A$947,0),MATCH(Graphs!CM$4,Data!$B$3:$L$3,0)))} -> 275.12 | CN250: {=IF(INDEX(Data!$B$4:$L$947,MATCH(Graphs!$CK250,Data!$A$4:$A$947,0),MATCH(Graphs!CN$4,Data!$B$3:$L$3,0))="n.q.",NA(),INDEX(Data!$B$4:$L$947,MATCH(Graphs!$CK250,Data!$A$4:$A$947,0),MATCH(Graphs!CN$4,Data!$B$3:$L$3,0)))} -> 261 | CO250: {=IF(INDEX(Data!$B$4:$L$947,MATCH(Graphs!$CK250,Data!$A$4:$A$947,0),MATCH(Graphs!CO$4,Data!$B$3:$L$3,0))="n.q.",NA(),INDEX(Data!$B$4:$L$947,MATCH(Graphs!$CK250,Data!$A$4:$A$947,0),MATCH(Graphs!CO$4,Data!$B$3:$L$3,0)))} -> #N/A | CP250: {=IF(INDEX(Data!$B$4:$L$947,MATCH(Graphs!$CK250,Data!$A$4:$A$947,0),MATCH(Graphs!CP$4,Data!$B$3:$L$3,0))="n.q.",NA(),INDEX(Data!$B$4:$L$947,MATCH(Graphs!$CK250,Data!$A$4:$A$947,0),MATCH(Graphs!CP$4,Data!$B$3:$L$3,0)))} -> #N/A | CR250: {=IF(INDEX(Data!$P$4:$Z$947,MATCH(Graphs!$CK250,Data!$A$4:$A$947,0),MATCH(Graphs!CR$4,Data!$P$3:$Z$3,0))="n.q.",NA(),INDEX(Data!$P$4:$Z$947,MATCH(Graphs!$CK250,Data!$A$4:$A$947,0),MATCH(Graphs!CR$4,Data!$P$3:$Z$3,0)))} -> 238.71126 | CS250: {=IF(INDEX(Data!$P$4:$Z$947,MATCH(Graphs!$CK250,Data!$A$4:$A$947,0),MATCH(Graphs!CS$4,Data!$P$3:$Z$3,0))="n.q.",NA(),INDEX(Data!$P$4:$Z$947,MATCH(Graphs!$CK250,Data!$A$4:$A$947,0),MATCH(Graphs!CS$4,Data!$P$3:$Z$3,0)))} -> #N/A | CT250: {=IF(INDEX(Data!$P$4:$Z$947,MATCH(Graphs!$CK250,Data!$A$4:$A$947,0),MATCH(Graphs!CT$4,Data!$P$3:$Z$3,0))="n.q.",NA(),INDEX(Data!$P$4:$Z$947,MATCH(Graphs!$CK250,Data!$A$4:$A$947,0),MATCH(Graphs!CT$4,Data!$P$3:$Z$3,0)))} -> 237.14122 | CU250: {=IF(INDEX(Data!$P$4:$Z$947,MATCH(Graphs!$CK250,Data!$A$4:$A$947,0),MATCH(Graphs!CU$4,Data!$P$3:$Z$3,0))="n.q.",NA(),INDEX(Data!$P$4:$Z$947,MATCH(Graphs!$CK250,Data!$A$4:$A$947,0),MATCH(Graphs!CU$4,Data!$P$3:$Z$3,0)))} -> #N/A | CV250: {=IF(INDEX(Data!$P$4:$Z$947,MATCH(Graphs!$CK250,Data!$A$4:$A$947,0),MATCH(Graphs!CV$4,Data!$P$3:$Z$3,0))="n.q.",NA(),INDEX(Data!$P$4:$Z$947,MATCH(Graphs!$CK250,Data!$A$4:$A$947,0),MATCH(Graphs!CV$4,Data!$P$3:$Z$3,0)))} -> #N/A
CK251: =Data!#REF! -> #ERROR! | CL251: {=IF(INDEX(Data!$B$4:$L$947,MATCH(Graphs!$CK251,Data!$A$4:$A$947,0),MATCH(Graphs!CL$4,Data!$B$3:$L$3,0))="n.q.",NA(),INDEX(Data!$B$4:$L$947,MATCH(Graphs!$CK251,Data!$A$4:$A$947,0),MATCH(Graphs!CL$4,Data!$B$3:$L$3,0)))} -> #ERROR! | CM251: {=IF(INDEX(Data!$B$4:$L$947,MATCH(Graphs!$CK251,Data!$A$4:$A$947,0),MATCH(Graphs!CM$4,Data!$B$3:$L$3,0))="n.q.",NA(),INDEX(Data!$B$4:$L$947,MATCH(Graphs!$CK251,Data!$A$4:$A$947,0),MATCH(Graphs!CM$4,Data!$B$3:$L$3,0)))} -> #ERROR! | CN251: {=IF(INDEX(Data!$B$4:$L$947,MATCH(Graphs!$CK251,Data!$A$4:$A$947,0),MATCH(Graphs!CN$4,Data!$B$3:$L$3,0))="n.q.",NA(),INDEX(Data!$B$4:$L$947,MATCH(Graphs!$CK251,Data!$A$4:$A$947,0),MATCH(Graphs!CN$4,Data!$B$3:$L$3,0)))} -> #ERROR! | CO251: {=IF(INDEX(Data!$B$4:$L$947,MATCH(Graphs!$CK251,Data!$A$4:$A$947,0),MATCH(Graphs!CO$4,Data!$B$3:$L$3,0))="n.q.",NA(),INDEX(Data!$B$4:$L$947,MATCH(Graphs!$CK251,Data!$A$4:$A$947,0),MATCH(Graphs!CO$4,Data!$B$3:$L$3,0)))} -> #ERROR! | CP251: {=IF(INDEX(Data!$B$4:$L$947,MATCH(Graphs!$CK251,Data!$A$4:$A$947,0),MATCH(Graphs!CP$4,Data!$B$3:$L$3,0))="n.q.",NA(),INDEX(Data!$B$4:$L$947,MATCH(Graphs!$CK251,Data!$A$4:$A$947,0),MATCH(Graphs!CP$4,Data!$B$3:$L$3,0)))} -> #ERROR! | CR251: {=IF(INDEX(Data!$P$4:$Z$947,MATCH(Graphs!$CK251,Data!$A$4:$A$947,0),MATCH(Graphs!CR$4,Data!$P$3:$Z$3,0))="n.q.",NA(),INDEX(Data!$P$4:$Z$947,MATCH(Graphs!$CK251,Data!$A$4:$A$947,0),MATCH(Graphs!CR$4,Data!$P$3:$Z$3,0)))} -> #ERROR! | CS251: {=IF(INDEX(Data!$P$4:$Z$947,MATCH(Graphs!$CK251,Data!$A$4:$A$947,0),MATCH(Graphs!CS$4,Data!$P$3:$Z$3,0))="n.q.",NA(),INDEX(Data!$P$4:$Z$947,MATCH(Graphs!$CK251,Data!$A$4:$A$947,0),MATCH(Graphs!CS$4,Data!$P$3:$Z$3,0)))} -> #ERROR! | CT251: {=IF(INDEX(Data!$P$4:$Z$947,MATCH(Graphs!$CK251,Data!$A$4:$A$947,0),MATCH(Graphs!CT$4,Data!$P$3:$Z$3,0))="n.q.",NA(),INDEX(Data!$P$4:$Z$947,MATCH(Graphs!$CK251,Data!$A$4:$A$947,0),MATCH(Graphs!CT$4,Data!$P$3:$Z$3,0)))} -> #ERROR! | CU251: {=IF(INDEX(Data!$P$4:$Z$947,MATCH(Graphs!$CK251,Data!$A$4:$A$947,0),MATCH(Graphs!CU$4,Data!$P$3:$Z$3,0))="n.q.",NA(),INDEX(Data!$P$4:$Z$947,MATCH(Graphs!$CK251,Data!$A$4:$A$947,0),MATCH(Graphs!CU$4,Data!$P$3:$Z$3,0)))} -> #ERROR! | CV251: {=IF(INDEX(Data!$P$4:$Z$947,MATCH(Graphs!$CK251,Data!$A$4:$A$947,0),MATCH(Graphs!CV$4,Data!$P$3:$Z$3,0))="n.q.",NA(),INDEX(Data!$P$4:$Z$947,MATCH(Graphs!$CK251,Data!$A$4:$A$947,0),MATCH(Graphs!CV$4,Data!$P$3:$Z$3,0)))} -> #ERROR!
CK252: =Data!#REF! -> #ERROR! | CL252: {=IF(INDEX(Data!$B$4:$L$947,MATCH(Graphs!$CK252,Data!$A$4:$A$947,0),MATCH(Graphs!CL$4,Data!$B$3:$L$3,0))="n.q.",NA(),INDEX(Data!$B$4:$L$947,MATCH(Graphs!$CK252,Data!$A$4:$A$947,0),MATCH(Graphs!CL$4,Data!$B$3:$L$3,0)))} -> #ERROR! | CM252: {=IF(INDEX(Data!$B$4:$L$947,MATCH(Graphs!$CK252,Data!$A$4:$A$947,0),MATCH(Graphs!CM$4,Data!$B$3:$L$3,0))="n.q.",NA(),INDEX(Data!$B$4:$L$947,MATCH(Graphs!$CK252,Data!$A$4:$A$947,0),MATCH(Graphs!CM$4,Data!$B$3:$L$3,0)))} -> #ERROR! | CN252: {=IF(INDEX(Data!$B$4:$L$947,MATCH(Graphs!$CK252,Data!$A$4:$A$947,0),MATCH(Graphs!CN$4,Data!$B$3:$L$3,0))="n.q.",NA(),INDEX(Data!$B$4:$L$947,MATCH(Graphs!$CK252,Data!$A$4:$A$947,0),MATCH(Graphs!CN$4,Data!$B$3:$L$3,0)))} -> #ERROR! | CO252: {=IF(INDEX(Data!$B$4:$L$947,MATCH(Graphs!$CK252,Data!$A$4:$A$947,0),MATCH(Graphs!CO$4,Data!$B$3:$L$3,0))="n.q.",NA(),INDEX(Data!$B$4:$L$947,MATCH(Graphs!$CK252,Data!$A$4:$A$947,0),MATCH(Graphs!CO$4,Data!$B$3:$L$3,0)))} -> #ERROR! | CP252: {=IF(INDEX(Data!$B$4:$L$947,MATCH(Graphs!$CK252,Data!$A$4:$A$947,0),MATCH(Graphs!CP$4,Data!$B$3:$L$3,0))="n.q.",NA(),INDEX(Data!$B$4:$L$947,MATCH(Graphs!$CK252,Data!$A$4:$A$947,0),MATCH(Graphs!CP$4,Data!$B$3:$L$3,0)))} -> #ERROR! | CR252: {=IF(INDEX(Data!$P$4:$Z$947,MATCH(Graphs!$CK252,Data!$A$4:$A$947,0),MATCH(Graphs!CR$4,Data!$P$3:$Z$3,0))="n.q.",NA(),INDEX(Data!$P$4:$Z$947,MATCH(Graphs!$CK252,Data!$A$4:$A$947,0),MATCH(Graphs!CR$4,Data!$P$3:$Z$3,0)))} -> #ERROR! | CS252: {=IF(INDEX(Data!$P$4:$Z$947,MATCH(Graphs!$CK252,Data!$A$4:$A$947,0),MATCH(Graphs!CS$4,Data!$P$3:$Z$3,0))="n.q.",NA(),INDEX(Data!$P$4:$Z$947,MATCH(Graphs!$CK252,Data!$A$4:$A$947,0),MATCH(Graphs!CS$4,Data!$P$3:$Z$3,0)))} -> #ERROR! | CT252: {=IF(INDEX(Data!$P$4:$Z$947,MATCH(Graphs!$CK252,Data!$A$4:$A$947,0),MATCH(Graphs!CT$4,Data!$P$3:$Z$3,0))="n.q.",NA(),INDEX(Data!$P$4:$Z$947,MATCH(Graphs!$CK252,Data!$A$4:$A$947,0),MATCH(Graphs!CT$4,Data!$P$3:$Z$3,0)))} -> #ERROR! | CU252: {=IF(INDEX(Data!$P$4:$Z$947,MATCH(Graphs!$CK252,Data!$A$4:$A$947,0),MATCH(Graphs!CU$4,Data!$P$3:$Z$3,0))="n.q.",NA(),INDEX(Data!$P$4:$Z$947,MATCH(Graphs!$CK252,Data!$A$4:$A$947,0),MATCH(Graphs!CU$4,Data!$P$3:$Z$3,0)))} -> #ERROR! | CV252: {=IF(INDEX(Data!$P$4:$Z$947,MATCH(Graphs!$CK252,Data!$A$4:$A$947,0),MATCH(Graphs!CV$4,Data!$P$3:$Z$3,0))="n.q.",NA(),INDEX(Data!$P$4:$Z$947,MATCH(Graphs!$CK252,Data!$A$4:$A$947,0),MATCH(Graphs!CV$4,Data!$P$3:$Z$3,0)))} -> #ERROR!
CK253: =Data!A237 -> 44335 | CL253: {=IF(INDEX(Data!$B$4:$L$947,MATCH(Graphs!$CK253,Data!$A$4:$A$947,0),MATCH(Graphs!CL$4,Data!$B$3:$L$3,0))="n.q.",NA(),INDEX(Data!$B$4:$L$947,MATCH(Graphs!$CK253,Data!$A$4:$A$947,0),MATCH(Graphs!CL$4,Data!$B$3:$L$3,0)))} -> 300.6 | CM253: {=IF(INDEX(Data!$B$4:$L$947,MATCH(Graphs!$CK253,Data!$A$4:$A$947,0),MATCH(Graphs!CM$4,Data!$B$3:$L$3,0))="n.q.",NA(),INDEX(Data!$B$4:$L$947,MATCH(Graphs!$CK253,Data!$A$4:$A$947,0),MATCH(Graphs!CM$4,Data!$B$3:$L$3,0)))} -> 287.98 | CN253: {=IF(INDEX(Data!$B$4:$L$947,MATCH(Graphs!$CK253,Data!$A$4:$A$947,0),MATCH(Graphs!CN$4,Data!$B$3:$L$3,0))="n.q.",NA(),INDEX(Data!$B$4:$L$947,MATCH(Graphs!$CK253,Data!$A$4:$A$947,0),MATCH(Graphs!CN$4,Data!$B$3:$L$3,0)))} -> 267 | CO253: {=IF(INDEX(Data!$B$4:$L$947,MATCH(Graphs!$CK253,Data!$A$4:$A$947,0),MATCH(Graphs!CO$4,Data!$B$3:$L$3,0))="n.q.",NA(),INDEX(Data!$B$4:$L$947,MATCH(Graphs!$CK253,Data!$A$4:$A$947,0),MATCH(Graphs!CO$4,Data!$B$3:$L$3,0)))} -> #N/A | CP253: {=IF(INDEX(Data!$B$4:$L$947,MATCH(Graphs!$CK253,Data!$A$4:$A$947,0),MATCH(Graphs!CP$4,Data!$B$3:$L$3,0))="n.q.",NA(),INDEX(Data!$B$4:$L$947,MATCH(Graphs!$CK253,Data!$A$4:$A$947,0),MATCH(Graphs!CP$4,Data!$B$3:$L$3,0)))} -> #N/A | CR253: {=IF(INDEX(Data!$P$4:$Z$947,MATCH(Graphs!$CK253,Data!$A$4:$A$947,0),MATCH(Graphs!CR$4,Data!$P$3:$Z$3,0))="n.q.",NA(),INDEX(Data!$P$4:$Z$947,MATCH(Graphs!$CK253,Data!$A$4:$A$947,0),MATCH(Graphs!CR$4,Data!$P$3:$Z$3,0)))} -> 248.95185 | CS253: {=IF(INDEX(Data!$P$4:$Z$947,MATCH(Graphs!$CK253,Data!$A$4:$A$947,0),MATCH(Graphs!CS$4,Data!$P$3:$Z$3,0))="n.q.",NA(),INDEX(Data!$P$4:$Z$947,MATCH(Graphs!$CK253,Data!$A$4:$A$947,0),MATCH(Graphs!CS$4,Data!$P$3:$Z$3,0)))} -> 267.8 | CT253: {=IF(INDEX(Data!$P$4:$Z$947,MATCH(Graphs!$CK253,Data!$A$4:$A$947,0),MATCH(Graphs!CT$4,Data!$P$3:$Z$3,0))="n.q.",NA(),INDEX(Data!$P$4:$Z$947,MATCH(Graphs!$CK253,Data!$A$4:$A$947,0),MATCH(Graphs!CT$4,Data!$P$3:$Z$3,0)))} -> 241.56567 | CU253: {=IF(INDEX(Data!$P$4:$Z$947,MATCH(Graphs!$CK253,Data!$A$4:$A$947,0),MATCH(Graphs!CU$4,Data!$P$3:$Z$3,0))="n.q.",NA(),INDEX(Data!$P$4:$Z$947,MATCH(Graphs!$CK253,Data!$A$4:$A$947,0),MATCH(Graphs!CU$4,Data!$P$3:$Z$3,0)))} -> #N/A | CV253: {=IF(INDEX(Data!$P$4:$Z$947,MATCH(Graphs!$CK253,Data!$A$4:$A$947,0),MATCH(Graphs!CV$4,Data!$P$3:$Z$3,0))="n.q.",NA(),INDEX(Data!$P$4:$Z$947,MATCH(Graphs!$CK253,Data!$A$4:$A$947,0),MATCH(Graphs!CV$4,Data!$P$3:$Z$3,0)))} -> #N/A
CK254: =Data!A238 -> 44328 | CL254: {=IF(INDEX(Data!$B$4:$L$947,MATCH(Graphs!$CK254,Data!$A$4:$A$947,0),MATCH(Graphs!CL$4,Data!$B$3:$L$3,0))="n.q.",NA(),INDEX(Data!$B$4:$L$947,MATCH(Graphs!$CK254,Data!$A$4:$A$947,0),MATCH(Graphs!CL$4,Data!$B$3:$L$3,0)))} -> 295.87 | CM254: {=IF(INDEX(Data!$B$4:$L$947,MATCH(Graphs!$CK254,Data!$A$4:$A$947,0),MATCH(Graphs!CM$4,Data!$B$3:$L$3,0))="n.q.",NA(),INDEX(Data!$B$4:$L$947,MATCH(Graphs!$CK254,Data!$A$4:$A$947,0),MATCH(Graphs!CM$4,Data!$B$3:$L$3,0)))} -> 306.72 | CN254: {=IF(INDEX(Data!$B$4:$L$947,MATCH(Graphs!$CK254,Data!$A$4:$A$947,0),MATCH(Graphs!CN$4,Data!$B$3:$L$3,0))="n.q.",NA(),INDEX(Data!$B$4:$L$947,MATCH(Graphs!$CK254,Data!$A$4:$A$947,0),MATCH(Graphs!CN$4,Data!$B$3:$L$3,0)))} -> 271 | CO254: {=IF(INDEX(Data!$B$4:$L$947,MATCH(Graphs!$CK254,Data!$A$4:$A$947,0),MATCH(Graphs!CO$4,Data!$B$3:$L$3,0))="n.q.",NA(),INDEX(Data!$B$4:$L$947,MATCH(Graphs!$CK254,Data!$A$4:$A$947,0),MATCH(Graphs!CO$4,Data!$B$3:$L$3,0)))} -> #N/A | CP254: {=IF(INDEX(Data!$B$4:$L$947,MATCH(Graphs!$CK254,Data!$A$4:$A$947,0),MATCH(Graphs!CP$4,Data!$B$3:$L$3,0))="n.q.",NA(),INDEX(Data!$B$4:$L$947,MATCH(Graphs!$CK254,Data!$A$4:$A$947,0),MATCH(Graphs!CP$4,Data!$B$3:$L$3,0)))} -> #N/A | CR254: {=IF(INDEX(Data!$P$4:$Z$947,MATCH(Graphs!$CK254,Data!$A$4:$A$947,0),MATCH(Graphs!CR$4,Data!$P$3:$Z$3,0))="n.q.",NA(),INDEX(Data!$P$4:$Z$947,MATCH(Graphs!$CK254,Data!$A$4:$A$947,0),MATCH(Graphs!CR$4,Data!$P$3:$Z$3,0)))} -> 268.83149 | CS254: {=IF(INDEX(Data!$P$4:$Z$947,MATCH(Graphs!$CK254,Data!$A$4:$A$947,0),MATCH(Graphs!CS$4,Data!$P$3:$Z$3,0))="n.q.",NA(),INDEX(Data!$P$4:$Z$947,MATCH(Graphs!$CK254,Data!$A$4:$A$947,0),MATCH(Graphs!CS$4,Data!$P$3:$Z$3,0)))} -> 269.3 | CT254: {=IF(INDEX(Data!$P$4:$Z$947,MATCH(Graphs!$CK254,Data!$A$4:$A$947,0),MATCH(Graphs!CT$4,Data!$P$3:$Z$3,0))="n.q.",NA(),INDEX(Data!$P$4:$Z$947,MATCH(Graphs!$CK254,Data!$A$4:$A$947,0),MATCH(Graphs!CT$4,Data!$P$3:$Z$3,0)))} -> 245.91517 | CU254: {=IF(INDEX(Data!$P$4:$Z$947,MATCH(Graphs!$CK254,Data!$A$4:$A$947,0),MATCH(Graphs!CU$4,Data!$P$3:$Z$3,0))="n.q.",NA(),INDEX(Data!$P$4:$Z$947,MATCH(Graphs!$CK254,Data!$A$4:$A$947,0),MATCH(Graphs!CU$4,Data!$P$3:$Z$3,0)))} -> #N/A | CV254: {=IF(INDEX(Data!$P$4:$Z$947,MATCH(Graphs!$CK254,Data!$A$4:$A$947,0),MATCH(Graphs!CV$4,Data!$P$3:$Z$3,0))="n.q.",NA(),INDEX(Data!$P$4:$Z$947,MATCH(Graphs!$CK254,Data!$A$4:$A$947,0),MATCH(Graphs!CV$4,Data!$P$3:$Z$3,0)))} -> #N/A
CK255: =Data!A239 -> 44321 | CL255: {=IF(INDEX(Data!$B$4:$L$947,MATCH(Graphs!$CK255,Data!$A$4:$A$947,0),MATCH(Graphs!CL$4,Data!$B$3:$L$3,0))="n.q.",NA(),INDEX(Data!$B$4:$L$947,MATCH(Graphs!$CK255,Data!$A$4:$A$947,0),MATCH(Graphs!CL$4,Data!$B$3:$L$3,0)))} -> 295.93 | CM255: {=IF(INDEX(Data!$B$4:$L$947,MATCH(Graphs!$CK255,Data!$A$4:$A$947,0),MATCH(Graphs!CM$4,Data!$B$3:$L$3,0))="n.q.",NA(),INDEX(Data!$B$4:$L$947,MATCH(Graphs!$CK255,Data!$A$4:$A$947,0),MATCH(Graphs!CM$4,Data!$B$3:$L$3,0)))} -> 316.64 | CN255: {=IF(INDEX(Data!$B$4:$L$947,MATCH(Graphs!$CK255,Data!$A$4:$A$947,0),MATCH(Graphs!CN$4,Data!$B$3:$L$3,0))="n.q.",NA(),INDEX(Data!$B$4:$L$947,MATCH(Graphs!$CK255,Data!$A$4:$A$947,0),MATCH(Graphs!CN$4,Data!$B$3:$L$3,0)))} -> 267.5 | CO255: {=IF(INDEX(Data!$B$4:$L$947,MATCH(Graphs!$CK255,Data!$A$4:$A$947,0),MATCH(Graphs!CO$4,Data!$B$3:$L$3,0))="n.q.",NA(),INDEX(Data!$B$4:$L$947,MATCH(Graphs!$CK255,Data!$A$4:$A$947,0),MATCH(Graphs!CO$4,Data!$B$3:$L$3,0)))} -> #N/A | CP255: {=IF(INDEX(Data!$B$4:$L$947,MATCH(Graphs!$CK255,Data!$A$4:$A$947,0),MATCH(Graphs!CP$4,Data!$B$3:$L$3,0))="n.q.",NA(),INDEX(Data!$B$4:$L$947,MATCH(Graphs!$CK255,Data!$A$4:$A$947,0),MATCH(Graphs!CP$4,Data!$B$3:$L$3,0)))} -> #N/A | CR255: {=IF(INDEX(Data!$P$4:$Z$947,MATCH(Graphs!$CK255,Data!$A$4:$A$947,0),MATCH(Graphs!CR$4,Data!$P$3:$Z$3,0))="n.q.",NA(),INDEX(Data!$P$4:$Z$947,MATCH(Graphs!$CK255,Data!$A$4:$A$947,0),MATCH(Graphs!CR$4,Data!$P$3:$Z$3,0)))} -> 270.29571 | CS255: {=IF(INDEX(Data!$P$4:$Z$947,MATCH(Graphs!$CK255,Data!$A$4:$A$947,0),MATCH(Graphs!CS$4,Data!$P$3:$Z$3,0))="n.q.",NA(),INDEX(Data!$P$4:$Z$947,MATCH(Graphs!$CK255,Data!$A$4:$A$947,0),MATCH(Graphs!CS$4,Data!$P$3:$Z$3,0)))} -> 261.3 | CT255: {=IF(INDEX(Data!$P$4:$Z$947,MATCH(Graphs!$CK255,Data!$A$4:$A$947,0),MATCH(Graphs!CT$4,Data!$P$3:$Z$3,0))="n.q.",NA(),INDEX(Data!$P$4:$Z$947,MATCH(Graphs!$CK255,Data!$A$4:$A$947,0),MATCH(Graphs!CT$4,Data!$P$3:$Z$3,0)))} -> 242.399 | CU255: {=IF(INDEX(Data!$P$4:$Z$947,MATCH(Graphs!$CK255,Data!$A$4:$A$947,0),MATCH(Graphs!CU$4,Data!$P$3:$Z$3,0))="n.q.",NA(),INDEX(Data!$P$4:$Z$947,MATCH(Graphs!$CK255,Data!$A$4:$A$947,0),MATCH(Graphs!CU$4,Data!$P$3:$Z$3,0)))} -> #N/A | CV255: {=IF(INDEX(Data!$P$4:$Z$947,MATCH(Graphs!$CK255,Data!$A$4:$A$947,0),MATCH(Graphs!CV$4,Data!$P$3:$Z$3,0))="n.q.",NA(),INDEX(Data!$P$4:$Z$947,MATCH(Graphs!$CK255,Data!$A$4:$A$947,0),MATCH(Graphs!CV$4,Data!$P$3:$Z$3,0)))} -> #N/A
CK256: =Data!A240 -> 44314 | CL256: {=IF(INDEX(Data!$B$4:$L$947,MATCH(Graphs!$CK256,Data!$A$4:$A$947,0),MATCH(Graphs!CL$4,Data!$B$3:$L$3,0))="n.q.",NA(),INDEX(Data!$B$4:$L$947,MATCH(Graphs!$CK256,Data!$A$4:$A$947,0),MATCH(Graphs!CL$4,Data!$B$3:$L$3,0)))} -> 301.4 | CM256: {=IF(INDEX(Data!$B$4:$L$947,MATCH(Graphs!$CK256,Data!$A$4:$A$947,0),MATCH(Graphs!CM$4,Data!$B$3:$L$3,0))="n.q.",NA(),INDEX(Data!$B$4:$L$947,MATCH(Graphs!$CK256,Data!$A$4:$A$947,0),MATCH(Graphs!CM$4,Data!$B$3:$L$3,0)))} -> 310.21 | CN256: {=IF(INDEX(Data!$B$4:$L$947,MATCH(Graphs!$CK256,Data!$A$4:$A$947,0),MATCH(Graphs!CN$4,Data!$B$3:$L$3,0))="n.q.",NA(),INDEX(Data!$B$4:$L$947,MATCH(Graphs!$CK256,Data!$A$4:$A$947,0),MATCH(Graphs!CN$4,Data!$B$3:$L$3,0)))} -> 263 | CO256: {=IF(INDEX(Data!$B$4:$L$947,MATCH(Graphs!$CK256,Data!$A$4:$A$947,0),MATCH(Graphs!CO$4,Data!$B$3:$L$3,0))="n.q.",NA(),INDEX(Data!$B$4:$L$947,MATCH(Graphs!$CK256,Data!$A$4:$A$947,0),MATCH(Graphs!CO$4,Data!$B$3:$L$3,0)))} -> #N/A | CP256: {=IF(INDEX(Data!$B$4:$L$947,MATCH(Graphs!$CK256,Data!$A$4:$A$947,0),MATCH(Graphs!CP$4,Data!$B$3:$L$3,0))="n.q.",NA(),INDEX(Data!$B$4:$L$947,MATCH(Graphs!$CK256,Data!$A$4:$A$947,0),MATCH(Graphs!CP$4,Data!$B$3:$L$3,0)))} -> #N/A | CR256: {=IF(INDEX(Data!$P$4:$Z$947,MATCH(Graphs!$CK256,Data!$A$4:$A$947,0),MATCH(Graphs!CR$4,Data!$P$3:$Z$3,0))="n.q.",NA(),INDEX(Data!$P$4:$Z$947,MATCH(Graphs!$CK256,Data!$A$4:$A$947,0),MATCH(Graphs!CR$4,Data!$P$3:$Z$3,0)))} -> 245.029 | CS256: {=IF(INDEX(Data!$P$4:$Z$947,MATCH(Graphs!$CK256,Data!$A$4:$A$947,0),MATCH(Graphs!CS$4,Data!$P$3:$Z$3,0))="n.q.",NA(),INDEX(Data!$P$4:$Z$947,MATCH(Graphs!$CK256,Data!$A$4:$A$947,0),MATCH(Graphs!CS$4,Data!$P$3:$Z$3,0)))} -> 246.87 | CT256: {=IF(INDEX(Data!$P$4:$Z$947,MATCH(Graphs!$CK256,Data!$A$4:$A$947,0),MATCH(Graphs!CT$4,Data!$P$3:$Z$3,0))="n.q.",NA(),INDEX(Data!$P$4:$Z$947,MATCH(Graphs!$CK256,Data!$A$4:$A$947,0),MATCH(Graphs!CT$4,Data!$P$3:$Z$3,0)))} -> 233.63712 | CU256: {=IF(INDEX(Data!$P$4:$Z$947,MATCH(Graphs!$CK256,Data!$A$4:$A$947,0),MATCH(Graphs!CU$4,Data!$P$3:$Z$3,0))="n.q.",NA(),INDEX(Data!$P$4:$Z$947,MATCH(Graphs!$CK256,Data!$A$4:$A$947,0),MATCH(Graphs!CU$4,Data!$P$3:$Z$3,0)))} -> #N/A | CV256: {=IF(INDEX(Data!$P$4:$Z$947,MATCH(Graphs!$CK256,Data!$A$4:$A$947,0),MATCH(Graphs!CV$4,Data!$P$3:$Z$3,0))="n.q.",NA(),INDEX(Data!$P$4:$Z$947,MATCH(Graphs!$CK256,Data!$A$4:$A$947,0),MATCH(Graphs!CV$4,Data!$P$3:$Z$3,0)))} -> #N/A
CK257: =Data!#REF! -> #ERROR! | CL257: {=IF(INDEX(Data!$B$4:$L$947,MATCH(Graphs!$CK257,Data!$A$4:$A$947,0),MATCH(Graphs!CL$4,Data!$B$3:$L$3,0))="n.q.",NA(),INDEX(Data!$B$4:$L$947,MATCH(Graphs!$CK257,Data!$A$4:$A$947,0),MATCH(Graphs!CL$4,Data!$B$3:$L$3,0)))} -> #ERROR! | CM257: {=IF(INDEX(Data!$B$4:$L$947,MATCH(Graphs!$CK257,Data!$A$4:$A$947,0),MATCH(Graphs!CM$4,Data!$B$3:$L$3,0))="n.q.",NA(),INDEX(Data!$B$4:$L$947,MATCH(Graphs!$CK257,Data!$A$4:$A$947,0),MATCH(Graphs!CM$4,Data!$B$3:$L$3,0)))} -> #ERROR! | CN257: {=IF(INDEX(Data!$B$4:$L$947,MATCH(Graphs!$CK257,Data!$A$4:$A$947,0),MATCH(Graphs!CN$4,Data!$B$3:$L$3,0))="n.q.",NA(),INDEX(Data!$B$4:$L$947,MATCH(Graphs!$CK257,Data!$A$4:$A$947,0),MATCH(Graphs!CN$4,Data!$B$3:$L$3,0)))} -> #ERROR! | CO257: {=IF(INDEX(Data!$B$4:$L$947,MATCH(Graphs!$CK257,Data!$A$4:$A$947,0),MATCH(Graphs!CO$4,Data!$B$3:$L$3,0))="n.q.",NA(),INDEX(Data!$B$4:$L$947,MATCH(Graphs!$CK257,Data!$A$4:$A$947,0),MATCH(Graphs!CO$4,Data!$B$3:$L$3,0)))} -> #ERROR! | CP257: {=IF(INDEX(Data!$B$4:$L$947,MATCH(Graphs!$CK257,Data!$A$4:$A$947,0),MATCH(Graphs!CP$4,Data!$B$3:$L$3,0))="n.q.",NA(),INDEX(Data!$B$4:$L$947,MATCH(Graphs!$CK257,Data!$A$4:$A$947,0),MATCH(Graphs!CP$4,Data!$B$3:$L$3,0)))} -> #ERROR! | CR257: {=IF(INDEX(Data!$P$4:$Z$947,MATCH(Graphs!$CK257,Data!$A$4:$A$947,0),MATCH(Graphs!CR$4,Data!$P$3:$Z$3,0))="n.q.",NA(),INDEX(Data!$P$4:$Z$947,MATCH(Graphs!$CK257,Data!$A$4:$A$947,0),MATCH(Graphs!CR$4,Data!$P$3:$Z$3,0)))} -> #ERROR! | CS257: {=IF(INDEX(Data!$P$4:$Z$947,MATCH(Graphs!$CK257,Data!$A$4:$A$947,0),MATCH(Graphs!CS$4,Data!$P$3:$Z$3,0))="n.q.",NA(),INDEX(Data!$P$4:$Z$947,MATCH(Graphs!$CK257,Data!$A$4:$A$947,0),MATCH(Graphs!CS$4,Data!$P$3:$Z$3,0)))} -> #ERROR! | CT257: {=IF(INDEX(Data!$P$4:$Z$947,MATCH(Graphs!$CK257,Data!$A$4:$A$947,0),MATCH(Graphs!CT$4,Data!$P$3:$Z$3,0))="n.q.",NA(),INDEX(Data!$P$4:$Z$947,MATCH(Graphs!$CK257,Data!$A$4:$A$947,0),MATCH(Graphs!CT$4,Data!$P$3:$Z$3,0)))} -> #ERROR! | CU257: {=IF(INDEX(Data!$P$4:$Z$947,MATCH(Graphs!$CK257,Data!$A$4:$A$947,0),MATCH(Graphs!CU$4,Data!$P$3:$Z$3,0))="n.q.",NA(),INDEX(Data!$P$4:$Z$947,MATCH(Graphs!$CK257,Data!$A$4:$A$947,0),MATCH(Graphs!CU$4,Data!$P$3:$Z$3,0)))} -> #ERROR! | CV257: {=IF(INDEX(Data!$P$4:$Z$947,MATCH(Graphs!$CK257,Data!$A$4:$A$947,0),MATCH(Graphs!CV$4,Data!$P$3:$Z$3,0))="n.q.",NA(),INDEX(Data!$P$4:$Z$947,MATCH(Graphs!$CK257,Data!$A$4:$A$947,0),MATCH(Graphs!CV$4,Data!$P$3:$Z$3,0)))} -> #ERROR!
CK258: =Data!#REF! -> #ERROR! | CL258: {=IF(INDEX(Data!$B$4:$L$947,MATCH(Graphs!$CK258,Data!$A$4:$A$947,0),MATCH(Graphs!CL$4,Data!$B$3:$L$3,0))="n.q.",NA(),INDEX(Data!$B$4:$L$947,MATCH(Graphs!$CK258,Data!$A$4:$A$947,0),MATCH(Graphs!CL$4,Data!$B$3:$L$3,0)))} -> #ERROR! | CM258: {=IF(INDEX(Data!$B$4:$L$947,MATCH(Graphs!$CK258,Data!$A$4:$A$947,0),MATCH(Graphs!CM$4,Data!$B$3:$L$3,0))="n.q.",NA(),INDEX(Data!$B$4:$L$947,MATCH(Graphs!$CK258,Data!$A$4:$A$947,0),MATCH(Graphs!CM$4,Data!$B$3:$L$3,0)))} -> #ERROR! | CN258: {=IF(INDEX(Data!$B$4:$L$947,MATCH(Graphs!$CK258,Data!$A$4:$A$947,0),MATCH(Graphs!CN$4,Data!$B$3:$L$3,0))="n.q.",NA(),INDEX(Data!$B$4:$L$947,MATCH(Graphs!$CK258,Data!$A$4:$A$947,0),MATCH(Graphs!CN$4,Data!$B$3:$L$3,0)))} -> #ERROR! | CO258: {=IF(INDEX(Data!$B$4:$L$947,MATCH(Graphs!$CK258,Data!$A$4:$A$947,0),MATCH(Graphs!CO$4,Data!$B$3:$L$3,0))="n.q.",NA(),INDEX(Data!$B$4:$L$947,MATCH(Graphs!$CK258,Data!$A$4:$A$947,0),MATCH(Graphs!CO$4,Data!$B$3:$L$3,0)))} -> #ERROR! | CP258: {=IF(INDEX(Data!$B$4:$L$947,MATCH(Graphs!$CK258,Data!$A$4:$A$947,0),MATCH(Graphs!CP$4,Data!$B$3:$L$3,0))="n.q.",NA(),INDEX(Data!$B$4:$L$947,MATCH(Graphs!$CK258,Data!$A$4:$A$947,0),MATCH(Graphs!CP$4,Data!$B$3:$L$3,0)))} -> #ERROR! | CR258: {=IF(INDEX(Data!$P$4:$Z$947,MATCH(Graphs!$CK258,Data!$A$4:$A$947,0),MATCH(Graphs!CR$4,Data!$P$3:$Z$3,0))="n.q.",NA(),INDEX(Data!$P$4:$Z$947,MATCH(Graphs!$CK258,Data!$A$4:$A$947,0),MATCH(Graphs!CR$4,Data!$P$3:$Z$3,0)))} -> #ERROR! | CS258: {=IF(INDEX(Data!$P$4:$Z$947,MATCH(Graphs!$CK258,Data!$A$4:$A$947,0),MATCH(Graphs!CS$4,Data!$P$3:$Z$3,0))="n.q.",NA(),INDEX(Data!$P$4:$Z$947,MATCH(Graphs!$CK258,Data!$A$4:$A$947,0),MATCH(Graphs!CS$4,Data!$P$3:$Z$3,0)))} -> #ERROR! | CT258: {=IF(INDEX(Data!$P$4:$Z$947,MATCH(Graphs!$CK258,Data!$A$4:$A$947,0),MATCH(Graphs!CT$4,Data!$P$3:$Z$3,0))="n.q.",NA(),INDEX(Data!$P$4:$Z$947,MATCH(Graphs!$CK258,Data!$A$4:$A$947,0),MATCH(Graphs!CT$4,Data!$P$3:$Z$3,0)))} -> #ERROR! | CU258: {=IF(INDEX(Data!$P$4:$Z$947,MATCH(Graphs!$CK258,Data!$A$4:$A$947,0),MATCH(Graphs!CU$4,Data!$P$3:$Z$3,0))="n.q.",NA(),INDEX(Data!$P$4:$Z$947,MATCH(Graphs!$CK258,Data!$A$4:$A$947,0),MATCH(Graphs!CU$4,Data!$P$3:$Z$3,0)))} -> #ERROR! | CV258: {=IF(INDEX(Data!$P$4:$Z$947,MATCH(Graphs!$CK258,Data!$A$4:$A$947,0),MATCH(Graphs!CV$4,Data!$P$3:$Z$3,0))="n.q.",NA(),INDEX(Data!$P$4:$Z$947,MATCH(Graphs!$CK258,Data!$A$4:$A$947,0),MATCH(Graphs!CV$4,Data!$P$3:$Z$3,0)))} -> #ERROR!
CK259: =Data!#REF! -> #ERROR! | CL259: {=IF(INDEX(Data!$B$4:$L$947,MATCH(Graphs!$CK259,Data!$A$4:$A$947,0),MATCH(Graphs!CL$4,Data!$B$3:$L$3,0))="n.q.",NA(),INDEX(Data!$B$4:$L$947,MATCH(Graphs!$CK259,Data!$A$4:$A$947,0),MATCH(Graphs!CL$4,Data!$B$3:$L$3,0)))} -> #ERROR! | CM259: {=IF(INDEX(Data!$B$4:$L$947,MATCH(Graphs!$CK259,Data!$A$4:$A$947,0),MATCH(Graphs!CM$4,Data!$B$3:$L$3,0))="n.q.",NA(),INDEX(Data!$B$4:$L$947,MATCH(Graphs!$CK259,Data!$A$4:$A$947,0),MATCH(Graphs!CM$4,Data!$B$3:$L$3,0)))} -> #ERROR! | CN259: {=IF(INDEX(Data!$B$4:$L$947,MATCH(Graphs!$CK259,Data!$A$4:$A$947,0),MATCH(Graphs!CN$4,Data!$B$3:$L$3,0))="n.q.",NA(),INDEX(Data!$B$4:$L$947,MATCH(Graphs!$CK259,Data!$A$4:$A$947,0),MATCH(Graphs!CN$4,Data!$B$3:$L$3,0)))} -> #ERROR! | CO259: {=IF(INDEX(Data!$B$4:$L$947,MATCH(Graphs!$CK259,Data!$A$4:$A$947,0),MATCH(Graphs!CO$4,Data!$B$3:$L$3,0))="n.q.",NA(),INDEX(Data!$B$4:$L$947,MATCH(Graphs!$CK259,Data!$A$4:$A$947,0),MATCH(Graphs!CO$4,Data!$B$3:$L$3,0)))} -> #ERROR! | CP259: {=IF(INDEX(Data!$B$4:$L$947,MATCH(Graphs!$CK259,Data!$A$4:$A$947,0),MATCH(Graphs!CP$4,Data!$B$3:$L$3,0))="n.q.",NA(),INDEX(Data!$B$4:$L$947,MATCH(Graphs!$CK259,Data!$A$4:$A$947,0),MATCH(Graphs!CP$4,Data!$B$3:$L$3,0)))} -> #ERROR! | CR259: {=IF(INDEX(Data!$P$4:$Z$947,MATCH(Graphs!$CK259,Data!$A$4:$A$947,0),MATCH(Graphs!CR$4,Data!$P$3:$Z$3,0))="n.q.",NA(),INDEX(Data!$P$4:$Z$947,MATCH(Graphs!$CK259,Data!$A$4:$A$947,0),MATCH(Graphs!CR$4,Data!$P$3:$Z$3,0)))} -> #ERROR! | CS259: {=IF(INDEX(Data!$P$4:$Z$947,MATCH(Graphs!$CK259,Data!$A$4:$A$947,0),MATCH(Graphs!CS$4,Data!$P$3:$Z$3,0))="n.q.",NA(),INDEX(Data!$P$4:$Z$947,MATCH(Graphs!$CK259,Data!$A$4:$A$947,0),MATCH(Graphs!CS$4,Data!$P$3:$Z$3,0)))} -> #ERROR! | CT259: {=IF(INDEX(Data!$P$4:$Z$947,MATCH(Graphs!$CK259,Data!$A$4:$A$947,0),MATCH(Graphs!CT$4,Data!$P$3:$Z$3,0))="n.q.",NA(),INDEX(Data!$P$4:$Z$947,MATCH(Graphs!$CK259,Data!$A$4:$A$947,0),MATCH(Graphs!CT$4,Data!$P$3:$Z$3,0)))} -> #ERROR! | CU259: {=IF(INDEX(Data!$P$4:$Z$947,MATCH(Graphs!$CK259,Data!$A$4:$A$947,0),MATCH(Graphs!CU$4,Data!$P$3:$Z$3,0))="n.q.",NA(),INDEX(Data!$P$4:$Z$947,MATCH(Graphs!$CK259,Data!$A$4:$A$947,0),MATCH(Graphs!CU$4,Data!$P$3:$Z$3,0)))} -> #ERROR! | CV259: {=IF(INDEX(Data!$P$4:$Z$947,MATCH(Graphs!$CK259,Data!$A$4:$A$947,0),MATCH(Graphs!CV$4,Data!$P$3:$Z$3,0))="n.q.",NA(),INDEX(Data!$P$4:$Z$947,MATCH(Graphs!$CK259,Data!$A$4:$A$947,0),MATCH(Graphs!CV$4,Data!$P$3:$Z$3,0)))} -> #ERROR!
CK260: =Data!A241 -> 44307 | CL260: {=IF(INDEX(Data!$B$4:$L$947,MATCH(Graphs!$CK260,Data!$A$4:$A$947,0),MATCH(Graphs!CL$4,Data!$B$3:$L$3,0))="n.q.",NA(),INDEX(Data!$B$4:$L$947,MATCH(Graphs!$CK260,Data!$A$4:$A$947,0),MATCH(Graphs!CL$4,Data!$B$3:$L$3,0)))} -> 282.93 | CM260: {=IF(INDEX(Data!$B$4:$L$947,MATCH(Graphs!$CK260,Data!$A$4:$A$947,0),MATCH(Graphs!CM$4,Data!$B$3:$L$3,0))="n.q.",NA(),INDEX(Data!$B$4:$L$947,MATCH(Graphs!$CK260,Data!$A$4:$A$947,0),MATCH(Graphs!CM$4,Data!$B$3:$L$3,0)))} -> 288.71 | CN260: {=IF(INDEX(Data!$B$4:$L$947,MATCH(Graphs!$CK260,Data!$A$4:$A$947,0),MATCH(Graphs!CN$4,Data!$B$3:$L$3,0))="n.q.",NA(),INDEX(Data!$B$4:$L$947,MATCH(Graphs!$CK260,Data!$A$4:$A$947,0),MATCH(Graphs!CN$4,Data!$B$3:$L$3,0)))} -> 248 | CO260: {=IF(INDEX(Data!$B$4:$L$947,MATCH(Graphs!$CK260,Data!$A$4:$A$947,0),MATCH(Graphs!CO$4,Data!$B$3:$L$3,0))="n.q.",NA(),INDEX(Data!$B$4:$L$947,MATCH(Graphs!$CK260,Data!$A$4:$A$947,0),MATCH(Graphs!CO$4,Data!$B$3:$L$3,0)))} -> #N/A | CP260: {=IF(INDEX(Data!$B$4:$L$947,MATCH(Graphs!$CK260,Data!$A$4:$A$947,0),MATCH(Graphs!CP$4,Data!$B$3:$L$3,0))="n.q.",NA(),INDEX(Data!$B$4:$L$947,MATCH(Graphs!$CK260,Data!$A$4:$A$947,0),MATCH(Graphs!CP$4,Data!$B$3:$L$3,0)))} -> #N/A | CR260: {=IF(INDEX(Data!$P$4:$Z$947,MATCH(Graphs!$CK260,Data!$A$4:$A$947,0),MATCH(Graphs!CR$4,Data!$P$3:$Z$3,0))="n.q.",NA(),INDEX(Data!$P$4:$Z$947,MATCH(Graphs!$CK260,Data!$A$4:$A$947,0),MATCH(Graphs!CR$4,Data!$P$3:$Z$3,0)))} -> 230.33231 | CS260: {=IF(INDEX(Data!$P$4:$Z$947,MATCH(Graphs!$CK260,Data!$A$4:$A$947,0),MATCH(Graphs!CS$4,Data!$P$3:$Z$3,0))="n.q.",NA(),INDEX(Data!$P$4:$Z$947,MATCH(Graphs!$CK260,Data!$A$4:$A$947,0),MATCH(Graphs!CS$4,Data!$P$3:$Z$3,0)))} -> 243.62 | CT260: {=IF(INDEX(Data!$P$4:$Z$947,MATCH(Graphs!$CK260,Data!$A$4:$A$947,0),MATCH(Graphs!CT$4,Data!$P$3:$Z$3,0))="n.q.",NA(),INDEX(Data!$P$4:$Z$947,MATCH(Graphs!$CK260,Data!$A$4:$A$947,0),MATCH(Graphs!CT$4,Data!$P$3:$Z$3,0)))} -> 224.03598 | CU260: {=IF(INDEX(Data!$P$4:$Z$947,MATCH(Graphs!$CK260,Data!$A$4:$A$947,0),MATCH(Graphs!CU$4,Data!$P$3:$Z$3,0))="n.q.",NA(),INDEX(Data!$P$4:$Z$947,MATCH(Graphs!$CK260,Data!$A$4:$A$947,0),MATCH(Graphs!CU$4,Data!$P$3:$Z$3,0)))} -> #N/A | CV260: {=IF(INDEX(Data!$P$4:$Z$947,MATCH(Graphs!$CK260,Data!$A$4:$A$947,0),MATCH(Graphs!CV$4,Data!$P$3:$Z$3,0))="n.q.",NA(),INDEX(Data!$P$4:$Z$947,MATCH(Graphs!$CK260,Data!$A$4:$A$947,0),MATCH(Graphs!CV$4,Data!$P$3:$Z$3,0)))} -> #N/A
CK261: =Data!A242 -> 44300 | CL261: {=IF(INDEX(Data!$B$4:$L$947,MATCH(Graphs!$CK261,Data!$A$4:$A$947,0),MATCH(Graphs!CL$4,Data!$B$3:$L$3,0))="n.q.",NA(),INDEX(Data!$B$4:$L$947,MATCH(Graphs!$CK261,Data!$A$4:$A$947,0),MATCH(Graphs!CL$4,Data!$B$3:$L$3,0)))} -> 268.4 | CM261: {=IF(INDEX(Data!$B$4:$L$947,MATCH(Graphs!$CK261,Data!$A$4:$A$947,0),MATCH(Graphs!CM$4,Data!$B$3:$L$3,0))="n.q.",NA(),INDEX(Data!$B$4:$L$947,MATCH(Graphs!$CK261,Data!$A$4:$A$947,0),MATCH(Graphs!CM$4,Data!$B$3:$L$3,0)))} -> 275.03 | CN261: {=IF(INDEX(Data!$B$4:$L$947,MATCH(Graphs!$CK261,Data!$A$4:$A$947,0),MATCH(Graphs!CN$4,Data!$B$3:$L$3,0))="n.q.",NA(),INDEX(Data!$B$4:$L$947,MATCH(Graphs!$CK261,Data!$A$4:$A$947,0),MATCH(Graphs!CN$4,Data!$B$3:$L$3,0)))} -> 240 | CO261: {=IF(INDEX(Data!$B$4:$L$947,MATCH(Graphs!$CK261,Data!$A$4:$A$947,0),MATCH(Graphs!CO$4,Data!$B$3:$L$3,0))="n.q.",NA(),INDEX(Data!$B$4:$L$947,MATCH(Graphs!$CK261,Data!$A$4:$A$947,0),MATCH(Graphs!CO$4,Data!$B$3:$L$3,0)))} -> #N/A | CP261: {=IF(INDEX(Data!$B$4:$L$947,MATCH(Graphs!$CK261,Data!$A$4:$A$947,0),MATCH(Graphs!CP$4,Data!$B$3:$L$3,0))="n.q.",NA(),INDEX(Data!$B$4:$L$947,MATCH(Graphs!$CK261,Data!$A$4:$A$947,0),MATCH(Graphs!CP$4,Data!$B$3:$L$3,0)))} -> #N/A | CR261: {=IF(INDEX(Data!$P$4:$Z$947,MATCH(Graphs!$CK261,Data!$A$4:$A$947,0),MATCH(Graphs!CR$4,Data!$P$3:$Z$3,0))="n.q.",NA(),INDEX(Data!$P$4:$Z$947,MATCH(Graphs!$CK261,Data!$A$4:$A$947,0),MATCH(Graphs!CR$4,Data!$P$3:$Z$3,0)))} -> 222.44233 | CS261: {=IF(INDEX(Data!$P$4:$Z$947,MATCH(Graphs!$CK261,Data!$A$4:$A$947,0),MATCH(Graphs!CS$4,Data!$P$3:$Z$3,0))="n.q.",NA(),INDEX(Data!$P$4:$Z$947,MATCH(Graphs!$CK261,Data!$A$4:$A$947,0),MATCH(Graphs!CS$4,Data!$P$3:$Z$3,0)))} -> 232.37 | CT261: {=IF(INDEX(Data!$P$4:$Z$947,MATCH(Graphs!$CK261,Data!$A$4:$A$947,0),MATCH(Graphs!CT$4,Data!$P$3:$Z$3,0))="n.q.",NA(),INDEX(Data!$P$4:$Z$947,MATCH(Graphs!$CK261,Data!$A$4:$A$947,0),MATCH(Graphs!CT$4,Data!$P$3:$Z$3,0)))} -> 217.31862 | CU261: {=IF(INDEX(Data!$P$4:$Z$947,MATCH(Graphs!$CK261,Data!$A$4:$A$947,0),MATCH(Graphs!CU$4,Data!$P$3:$Z$3,0))="n.q.",NA(),INDEX(Data!$P$4:$Z$947,MATCH(Graphs!$CK261,Data!$A$4:$A$947,0),MATCH(Graphs!CU$4,Data!$P$3:$Z$3,0)))} -> #N/A | CV261: {=IF(INDEX(Data!$P$4:$Z$947,MATCH(Graphs!$CK261,Data!$A$4:$A$947,0),MATCH(Graphs!CV$4,Data!$P$3:$Z$3,0))="n.q.",NA(),INDEX(Data!$P$4:$Z$947,MATCH(Graphs!$CK261,Data!$A$4:$A$947,0),MATCH(Graphs!CV$4,Data!$P$3:$Z$3,0)))} -> #N/A
CK262: =Data!A243 -> 44293 | CL262: {=IF(INDEX(Data!$B$4:$L$947,MATCH(Graphs!$CK262,Data!$A$4:$A$947,0),MATCH(Graphs!CL$4,Data!$B$3:$L$3,0))="n.q.",NA(),INDEX(Data!$B$4:$L$947,MATCH(Graphs!$CK262,Data!$A$4:$A$947,0),MATCH(Graphs!CL$4,Data!$B$3:$L$3,0)))} -> 255.79 | CM262: {=IF(INDEX(Data!$B$4:$L$947,MATCH(Graphs!$CK262,Data!$A$4:$A$947,0),MATCH(Graphs!CM$4,Data!$B$3:$L$3,0))="n.q.",NA(),INDEX(Data!$B$4:$L$947,MATCH(Graphs!$CK262,Data!$A$4:$A$947,0),MATCH(Graphs!CM$4,Data!$B$3:$L$3,0)))} -> 258.4 | CN262: {=IF(INDEX(Data!$B$4:$L$947,MATCH(Graphs!$CK262,Data!$A$4:$A$947,0),MATCH(Graphs!CN$4,Data!$B$3:$L$3,0))="n.q.",NA(),INDEX(Data!$B$4:$L$947,MATCH(Graphs!$CK262,Data!$A$4:$A$947,0),MATCH(Graphs!CN$4,Data!$B$3:$L$3,0)))} -> 242 | CO262: {=IF(INDEX(Data!$B$4:$L$947,MATCH(Graphs!$CK262,Data!$A$4:$A$947,0),MATCH(Graphs!CO$4,Data!$B$3:$L$3,0))="n.q.",NA(),INDEX(Data!$B$4:$L$947,MATCH(Graphs!$CK262,Data!$A$4:$A$947,0),MATCH(Graphs!CO$4,Data!$B$3:$L$3,0)))} -> #N/A | CP262: {=IF(INDEX(Data!$B$4:$L$947,MATCH(Graphs!$CK262,Data!$A$4:$A$947,0),MATCH(Graphs!CP$4,Data!$B$3:$L$3,0))="n.q.",NA(),INDEX(Data!$B$4:$L$947,MATCH(Graphs!$CK262,Data!$A$4:$A$947,0),MATCH(Graphs!CP$4,Data!$B$3:$L$3,0)))} -> #N/A | CR262: {=IF(INDEX(Data!$P$4:$Z$947,MATCH(Graphs!$CK262,Data!$A$4:$A$947,0),MATCH(Graphs!CR$4,Data!$P$3:$Z$3,0))="n.q.",NA(),INDEX(Data!$P$4:$Z$947,MATCH(Graphs!$CK262,Data!$A$4:$A$947,0),MATCH(Graphs!CR$4,Data!$P$3:$Z$3,0)))} -> 213.16897 | CS262: {=IF(INDEX(Data!$P$4:$Z$947,MATCH(Graphs!$CK262,Data!$A$4:$A$947,0),MATCH(Graphs!CS$4,Data!$P$3:$Z$3,0))="n.q.",NA(),INDEX(Data!$P$4:$Z$947,MATCH(Graphs!$CK262,Data!$A$4:$A$947,0),MATCH(Graphs!CS$4,Data!$P$3:$Z$3,0)))} -> #N/A | CT262: {=IF(INDEX(Data!$P$4:$Z$947,MATCH(Graphs!$CK262,Data!$A$4:$A$947,0),MATCH(Graphs!CT$4,Data!$P$3:$Z$3,0))="n.q.",NA(),INDEX(Data!$P$4:$Z$947,MATCH(Graphs!$CK262,Data!$A$4:$A$947,0),MATCH(Graphs!CT$4,Data!$P$3:$Z$3,0)))} -> 220.46449 | CU262: {=IF(INDEX(Data!$P$4:$Z$947,MATCH(Graphs!$CK262,Data!$A$4:$A$947,0),MATCH(Graphs!CU$4,Data!$P$3:$Z$3,0))="n.q.",NA(),INDEX(Data!$P$4:$Z$947,MATCH(Graphs!$CK262,Data!$A$4:$A$947,0),MATCH(Graphs!CU$4,Data!$P$3:$Z$3,0)))} -> #N/A | CV262: {=IF(INDEX(Data!$P$4:$Z$947,MATCH(Graphs!$CK262,Data!$A$4:$A$947,0),MATCH(Graphs!CV$4,Data!$P$3:$Z$3,0))="n.q.",NA(),INDEX(Data!$P$4:$Z$947,MATCH(Graphs!$CK262,Data!$A$4:$A$947,0),MATCH(Graphs!CV$4,Data!$P$3:$Z$3,0)))} -> #N/A
CK263: =Data!A244 -> 44286 | CL263: {=IF(INDEX(Data!$B$4:$L$947,MATCH(Graphs!$CK263,Data!$A$4:$A$947,0),MATCH(Graphs!CL$4,Data!$B$3:$L$3,0))="n.q.",NA(),INDEX(Data!$B$4:$L$947,MATCH(Graphs!$CK263,Data!$A$4:$A$947,0),MATCH(Graphs!CL$4,Data!$B$3:$L$3,0)))} -> 259.73 | CM263: {=IF(INDEX(Data!$B$4:$L$947,MATCH(Graphs!$CK263,Data!$A$4:$A$947,0),MATCH(Graphs!CM$4,Data!$B$3:$L$3,0))="n.q.",NA(),INDEX(Data!$B$4:$L$947,MATCH(Graphs!$CK263,Data!$A$4:$A$947,0),MATCH(Graphs!CM$4,Data!$B$3:$L$3,0)))} -> 262.99 | CN263: {=IF(INDEX(Data!$B$4:$L$947,MATCH(Graphs!$CK263,Data!$A$4:$A$947,0),MATCH(Graphs!CN$4,Data!$B$3:$L$3,0))="n.q.",NA(),INDEX(Data!$B$4:$L$947,MATCH(Graphs!$CK263,Data!$A$4:$A$947,0),MATCH(Graphs!CN$4,Data!$B$3:$L$3,0)))} -> 243 | CO263: {=IF(INDEX(Data!$B$4:$L$947,MATCH(Graphs!$CK263,Data!$A$4:$A$947,0),MATCH(Graphs!CO$4,Data!$B$3:$L$3,0))="n.q.",NA(),INDEX(Data!$B$4:$L$947,MATCH(Graphs!$CK263,Data!$A$4:$A$947,0),MATCH(Graphs!CO$4,Data!$B$3:$L$3,0)))} -> #N/A | CP263: {=IF(INDEX(Data!$B$4:$L$947,MATCH(Graphs!$CK263,Data!$A$4:$A$947,0),MATCH(Graphs!CP$4,Data!$B$3:$L$3,0))="n.q.",NA(),INDEX(Data!$B$4:$L$947,MATCH(Graphs!$CK263,Data!$A$4:$A$947,0),MATCH(Graphs!CP$4,Data!$B$3:$L$3,0)))} -> #N/A | CR263: {=IF(INDEX(Data!$P$4:$Z$947,MATCH(Graphs!$CK263,Data!$A$4:$A$947,0),MATCH(Graphs!CR$4,Data!$P$3:$Z$3,0))="n.q.",NA(),INDEX(Data!$P$4:$Z$947,MATCH(Graphs!$CK263,Data!$A$4:$A$947,0),MATCH(Graphs!CR$4,Data!$P$3:$Z$3,0)))} -> 217.32196 | CS263: {=IF(INDEX(Data!$P$4:$Z$947,MATCH(Graphs!$CK263,Data!$A$4:$A$947,0),MATCH(Graphs!CS$4,Data!$P$3:$Z$3,0))="n.q.",NA(),INDEX(Data!$P$4:$Z$947,MATCH(Graphs!$CK263,Data!$A$4:$A$947,0),MATCH(Graphs!CS$4,Data!$P$3:$Z$3,0)))} -> #N/A | CT263: {=IF(INDEX(Data!$P$4:$Z$947,MATCH(Graphs!$CK263,Data!$A$4:$A$947,0),MATCH(Graphs!CT$4,Data!$P$3:$Z$3,0))="n.q.",NA(),INDEX(Data!$P$4:$Z$947,MATCH(Graphs!$CK263,Data!$A$4:$A$947,0),MATCH(Graphs!CT$4,Data!$P$3:$Z$3,0)))} -> 223.45416 | CU263: {=IF(INDEX(Data!$P$4:$Z$947,MATCH(Graphs!$CK263,Data!$A$4:$A$947,0),MATCH(Graphs!CU$4,Data!$P$3:$Z$3,0))="n.q.",NA(),INDEX(Data!$P$4:$Z$947,MATCH(Graphs!$CK263,Data!$A$4:$A$947,0),MATCH(Graphs!CU$4,Data!$P$3:$Z$3,0)))} -> #N/A | CV263: {=IF(INDEX(Data!$P$4:$Z$947,MATCH(Graphs!$CK263,Data!$A$4:$A$947,0),MATCH(Graphs!CV$4,Data!$P$3:$Z$3,0))="n.q.",NA(),INDEX(Data!$P$4:$Z$947,MATCH(Graphs!$CK263,Data!$A$4:$A$947,0),MATCH(Graphs!CV$4,Data!$P$3:$Z$3,0)))} -> #N/A
CK264: =Data!A245 -> 44279 | CL264: {=IF(INDEX(Data!$B$4:$L$947,MATCH(Graphs!$CK264,Data!$A$4:$A$947,0),MATCH(Graphs!CL$4,Data!$B$3:$L$3,0))="n.q.",NA(),INDEX(Data!$B$4:$L$947,MATCH(Graphs!$CK264,Data!$A$4:$A$947,0),MATCH(Graphs!CL$4,Data!$B$3:$L$3,0)))} -> 270.41 | CM264: {=IF(INDEX(Data!$B$4:$L$947,MATCH(Graphs!$CK264,Data!$A$4:$A$947,0),MATCH(Graphs!CM$4,Data!$B$3:$L$3,0))="n.q.",NA(),INDEX(Data!$B$4:$L$947,MATCH(Graphs!$CK264,Data!$A$4:$A$947,0),MATCH(Graphs!CM$4,Data!$B$3:$L$3,0)))} -> 263.18 | CN264: {=IF(INDEX(Data!$B$4:$L$947,MATCH(Graphs!$CK264,Data!$A$4:$A$947,0),MATCH(Graphs!CN$4,Data!$B$3:$L$3,0))="n.q.",NA(),INDEX(Data!$B$4:$L$947,MATCH(Graphs!$CK264,Data!$A$4:$A$947,0),MATCH(Graphs!CN$4,Data!$B$3:$L$3,0)))} -> 261 | CO264: {=IF(INDEX(Data!$B$4:$L$947,MATCH(Graphs!$CK264,Data!$A$4:$A$947,0),MATCH(Graphs!CO$4,Data!$B$3:$L$3,0))="n.q.",NA(),INDEX(Data!$B$4:$L$947,MATCH(Graphs!$CK264,Data!$A$4:$A$947,0),MATCH(Graphs!CO$4,Data!$B$3:$L$3,0)))} -> #N/A | CP264: {=IF(INDEX(Data!$B$4:$L$947,MATCH(Graphs!$CK264,Data!$A$4:$A$947,0),MATCH(Graphs!CP$4,Data!$B$3:$L$3,0))="n.q.",NA(),INDEX(Data!$B$4:$L$947,MATCH(Graphs!$CK264,Data!$A$4:$A$947,0),MATCH(Graphs!CP$4,Data!$B$3:$L$3,0)))} -> #N/A | CR264: {=IF(INDEX(Data!$P$4:$Z$947,MATCH(Graphs!$CK264,Data!$A$4:$A$947,0),MATCH(Graphs!CR$4,Data!$P$3:$Z$3,0))="n.q.",NA(),INDEX(Data!$P$4:$Z$947,MATCH(Graphs!$CK264,Data!$A$4:$A$947,0),MATCH(Graphs!CR$4,Data!$P$3:$Z$3,0)))} -> 212.8203 | CS264: {=IF(INDEX(Data!$P$4:$Z$947,MATCH(Graphs!$CK264,Data!$A$4:$A$947,0),MATCH(Graphs!CS$4,Data!$P$3:$Z$3,0))="n.q.",NA(),INDEX(Data!$P$4:$Z$947,MATCH(Graphs!$CK264,Data!$A$4:$A$947,0),MATCH(Graphs!CS$4,Data!$P$3:$Z$3,0)))} -> 227.44 | CT264: {=IF(INDEX(Data!$P$4:$Z$947,MATCH(Graphs!$CK264,Data!$A$4:$A$947,0),MATCH(Graphs!CT$4,Data!$P$3:$Z$3,0))="n.q.",NA(),INDEX(Data!$P$4:$Z$947,MATCH(Graphs!$CK264,Data!$A$4:$A$947,0),MATCH(Graphs!CT$4,Data!$P$3:$Z$3,0)))} -> 222.83298 | CU264: {=IF(INDEX(Data!$P$4:$Z$947,MATCH(Graphs!$CK264,Data!$A$4:$A$947,0),MATCH(Graphs!CU$4,Data!$P$3:$Z$3,0))="n.q.",NA(),INDEX(Data!$P$4:$Z$947,MATCH(Graphs!$CK264,Data!$A$4:$A$947,0),MATCH(Graphs!CU$4,Data!$P$3:$Z$3,0)))} -> #N/A | CV264: {=IF(INDEX(Data!$P$4:$Z$947,MATCH(Graphs!$CK264,Data!$A$4:$A$947,0),MATCH(Graphs!CV$4,Data!$P$3:$Z$3,0))="n.q.",NA(),INDEX(Data!$P$4:$Z$947,MATCH(Graphs!$CK264,Data!$A$4:$A$947,0),MATCH(Graphs!CV$4,Data!$P$3:$Z$3,0)))} -> #N/A
CK265: =Data!A246 -> 44272 | CL265: {=IF(INDEX(Data!$B$4:$L$947,MATCH(Graphs!$CK265,Data!$A$4:$A$947,0),MATCH(Graphs!CL$4,Data!$B$3:$L$3,0))="n.q.",NA(),INDEX(Data!$B$4:$L$947,MATCH(Graphs!$CK265,Data!$A$4:$A$947,0),MATCH(Graphs!CL$4,Data!$B$3:$L$3,0)))} -> 275.19 | CM265: {=IF(INDEX(Data!$B$4:$L$947,MATCH(Graphs!$CK265,Data!$A$4:$A$947,0),MATCH(Graphs!CM$4,Data!$B$3:$L$3,0))="n.q.",NA(),INDEX(Data!$B$4:$L$947,MATCH(Graphs!$CK265,Data!$A$4:$A$947,0),MATCH(Graphs!CM$4,Data!$B$3:$L$3,0)))} -> 275.21 | CN265: {=IF(INDEX(Data!$B$4:$L$947,MATCH(Graphs!$CK265,Data!$A$4:$A$947,0),MATCH(Graphs!CN$4,Data!$B$3:$L$3,0))="n.q.",NA(),INDEX(Data!$B$4:$L$947,MATCH(Graphs!$CK265,Data!$A$4:$A$947,0),MATCH(Graphs!CN$4,Data!$B$3:$L$3,0)))} -> 271 | CO265: {=IF(INDEX(Data!$B$4:$L$947,MATCH(Graphs!$CK265,Data!$A$4:$A$947,0),MATCH(Graphs!CO$4,Data!$B$3:$L$3,0))="n.q.",NA(),INDEX(Data!$B$4:$L$947,MATCH(Graphs!$CK265,Data!$A$4:$A$947,0),MATCH(Graphs!CO$4,Data!$B$3:$L$3,0)))} -> #N/A | CP265: {=IF(INDEX(Data!$B$4:$L$947,MATCH(Graphs!$CK265,Data!$A$4:$A$947,0),MATCH(Graphs!CP$4,Data!$B$3:$L$3,0))="n.q.",NA(),INDEX(Data!$B$4:$L$947,MATCH(Graphs!$CK265,Data!$A$4:$A$947,0),MATCH(Graphs!CP$4,Data!$B$3:$L$3,0)))} -> #N/A | CR265: {=IF(INDEX(Data!$P$4:$Z$947,MATCH(Graphs!$CK265,Data!$A$4:$A$947,0),MATCH(Graphs!CR$4,Data!$P$3:$Z$3,0))="n.q.",NA(),INDEX(Data!$P$4:$Z$947,MATCH(Graphs!$CK265,Data!$A$4:$A$947,0),MATCH(Graphs!CR$4,Data!$P$3:$Z$3,0)))} -> 212.26169 | CS265: {=IF(INDEX(Data!$P$4:$Z$947,MATCH(Graphs!$CK265,Data!$A$4:$A$947,0),MATCH(Graphs!CS$4,Data!$P$3:$Z$3,0))="n.q.",NA(),INDEX(Data!$P$4:$Z$947,MATCH(Graphs!$CK265,Data!$A$4:$A$947,0),MATCH(Graphs!CS$4,Data!$P$3:$Z$3,0)))} -> 229.44 | CT265: {=IF(INDEX(Data!$P$4:$Z$947,MATCH(Graphs!$CK265,Data!$A$4:$A$947,0),MATCH(Graphs!CT$4,Data!$P$3:$Z$3,0))="n.q.",NA(),INDEX(Data!$P$4:$Z$947,MATCH(Graphs!$CK265,Data!$A$4:$A$947,0),MATCH(Graphs!CT$4,Data!$P$3:$Z$3,0)))} -> 222.55816 | CU265: {=IF(INDEX(Data!$P$4:$Z$947,MATCH(Graphs!$CK265,Data!$A$4:$A$947,0),MATCH(Graphs!CU$4,Data!$P$3:$Z$3,0))="n.q.",NA(),INDEX(Data!$P$4:$Z$947,MATCH(Graphs!$CK265,Data!$A$4:$A$947,0),MATCH(Graphs!CU$4,Data!$P$3:$Z$3,0)))} -> #N/A | CV265: {=IF(INDEX(Data!$P$4:$Z$947,MATCH(Graphs!$CK265,Data!$A$4:$A$947,0),MATCH(Graphs!CV$4,Data!$P$3:$Z$3,0))="n.q.",NA(),INDEX(Data!$P$4:$Z$947,MATCH(Graphs!$CK265,Data!$A$4:$A$947,0),MATCH(Graphs!CV$4,Data!$P$3:$Z$3,0)))} -> #N/A
CK266: =Data!A247 -> 44265 | CL266: {=IF(INDEX(Data!$B$4:$L$947,MATCH(Graphs!$CK266,Data!$A$4:$A$947,0),MATCH(Graphs!CL$4,Data!$B$3:$L$3,0))="n.q.",NA(),INDEX(Data!$B$4:$L$947,MATCH(Graphs!$CK266,Data!$A$4:$A$947,0),MATCH(Graphs!CL$4,Data!$B$3:$L$3,0)))} -> 288.21 | CM266: {=IF(INDEX(Data!$B$4:$L$947,MATCH(Graphs!$CK266,Data!$A$4:$A$947,0),MATCH(Graphs!CM$4,Data!$B$3:$L$3,0))="n.q.",NA(),INDEX(Data!$B$4:$L$947,MATCH(Graphs!$CK266,Data!$A$4:$A$947,0),MATCH(Graphs!CM$4,Data!$B$3:$L$3,0)))} -> 280.91 | CN266: {=IF(INDEX(Data!$B$4:$L$947,MATCH(Graphs!$CK266,Data!$A$4:$A$947,0),MATCH(Graphs!CN$4,Data!$B$3:$L$3,0))="n.q.",NA(),INDEX(Data!$B$4:$L$947,MATCH(Graphs!$CK266,Data!$A$4:$A$947,0),MATCH(Graphs!CN$4,Data!$B$3:$L$3,0)))} -> 280 | CO266: {=IF(INDEX(Data!$B$4:$L$947,MATCH(Graphs!$CK266,Data!$A$4:$A$947,0),MATCH(Graphs!CO$4,Data!$B$3:$L$3,0))="n.q.",NA(),INDEX(Data!$B$4:$L$947,MATCH(Graphs!$CK266,Data!$A$4:$A$947,0),MATCH(Graphs!CO$4,Data!$B$3:$L$3,0)))} -> #N/A | CP266: {=IF(INDEX(Data!$B$4:$L$947,MATCH(Graphs!$CK266,Data!$A$4:$A$947,0),MATCH(Graphs!CP$4,Data!$B$3:$L$3,0))="n.q.",NA(),INDEX(Data!$B$4:$L$947,MATCH(Graphs!$CK266,Data!$A$4:$A$947,0),MATCH(Graphs!CP$4,Data!$B$3:$L$3,0)))} -> #N/A | CR266: {=IF(INDEX(Data!$P$4:$Z$947,MATCH(Graphs!$CK266,Data!$A$4:$A$947,0),MATCH(Graphs!CR$4,Data!$P$3:$Z$3,0))="n.q.",NA(),INDEX(Data!$P$4:$Z$947,MATCH(Graphs!$CK266,Data!$A$4:$A$947,0),MATCH(Graphs!CR$4,Data!$P$3:$Z$3,0)))} -> 207.81197 | CS266: {=IF(INDEX(Data!$P$4:$Z$947,MATCH(Graphs!$CK266,Data!$A$4:$A$947,0),MATCH(Graphs!CS$4,Data!$P$3:$Z$3,0))="n.q.",NA(),INDEX(Data!$P$4:$Z$947,MATCH(Graphs!$CK266,Data!$A$4:$A$947,0),MATCH(Graphs!CS$4,Data!$P$3:$Z$3,0)))} -> 230.94 | CT266: {=IF(INDEX(Data!$P$4:$Z$947,MATCH(Graphs!$CK266,Data!$A$4:$A$947,0),MATCH(Graphs!CT$4,Data!$P$3:$Z$3,0))="n.q.",NA(),INDEX(Data!$P$4:$Z$947,MATCH(Graphs!$CK266,Data!$A$4:$A$947,0),MATCH(Graphs!CT$4,Data!$P$3:$Z$3,0)))} -> 220.31618 | CU266: {=IF(INDEX(Data!$P$4:$Z$947,MATCH(Graphs!$CK266,Data!$A$4:$A$947,0),MATCH(Graphs!CU$4,Data!$P$3:$Z$3,0))="n.q.",NA(),INDEX(Data!$P$4:$Z$947,MATCH(Graphs!$CK266,Data!$A$4:$A$947,0),MATCH(Graphs!CU$4,Data!$P$3:$Z$3,0)))} -> #N/A | CV266: {=IF(INDEX(Data!$P$4:$Z$947,MATCH(Graphs!$CK266,Data!$A$4:$A$947,0),MATCH(Graphs!CV$4,Data!$P$3:$Z$3,0))="n.q.",NA(),INDEX(Data!$P$4:$Z$947,MATCH(Graphs!$CK266,Data!$A$4:$A$947,0),MATCH(Graphs!CV$4,Data!$P$3:$Z$3,0)))} -> #N/A
CK267: =Data!A248 -> 44258 | CL267: {=IF(INDEX(Data!$B$4:$L$947,MATCH(Graphs!$CK267,Data!$A$4:$A$947,0),MATCH(Graphs!CL$4,Data!$B$3:$L$3,0))="n.q.",NA(),INDEX(Data!$B$4:$L$947,MATCH(Graphs!$CK267,Data!$A$4:$A$947,0),MATCH(Graphs!CL$4,Data!$B$3:$L$3,0)))} -> 296.04 | CM267: {=IF(INDEX(Data!$B$4:$L$947,MATCH(Graphs!$CK267,Data!$A$4:$A$947,0),MATCH(Graphs!CM$4,Data!$B$3:$L$3,0))="n.q.",NA(),INDEX(Data!$B$4:$L$947,MATCH(Graphs!$CK267,Data!$A$4:$A$947,0),MATCH(Graphs!CM$4,Data!$B$3:$L$3,0)))} -> 283.85 | CN267: {=IF(INDEX(Data!$B$4:$L$947,MATCH(Graphs!$CK267,Data!$A$4:$A$947,0),MATCH(Graphs!CN$4,Data!$B$3:$L$3,0))="n.q.",NA(),INDEX(Data!$B$4:$L$947,MATCH(Graphs!$CK267,Data!$A$4:$A$947,0),MATCH(Graphs!CN$4,Data!$B$3:$L$3,0)))} -> 284 | CO267: {=IF(INDEX(Data!$B$4:$L$947,MATCH(Graphs!$CK267,Data!$A$4:$A$947,0),MATCH(Graphs!CO$4,Data!$B$3:$L$3,0))="n.q.",NA(),INDEX(Data!$B$4:$L$947,MATCH(Graphs!$CK267,Data!$A$4:$A$947,0),MATCH(Graphs!CO$4,Data!$B$3:$L$3,0)))} -> #N/A | CP267: {=IF(INDEX(Data!$B$4:$L$947,MATCH(Graphs!$CK267,Data!$A$4:$A$947,0),MATCH(Graphs!CP$4,Data!$B$3:$L$3,0))="n.q.",NA(),INDEX(Data!$B$4:$L$947,MATCH(Graphs!$CK267,Data!$A$4:$A$947,0),MATCH(Graphs!CP$4,Data!$B$3:$L$3,0)))} -> #N/A | CR267: {=IF(INDEX(Data!$P$4:$Z$947,MATCH(Graphs!$CK267,Data!$A$4:$A$947,0),MATCH(Graphs!CR$4,Data!$P$3:$Z$3,0))="n.q.",NA(),INDEX(Data!$P$4:$Z$947,MATCH(Graphs!$CK267,Data!$A$4:$A$947,0),MATCH(Graphs!CR$4,Data!$P$3:$Z$3,0)))} -> 207.90173 | CS267: {=IF(INDEX(Data!$P$4:$Z$947,MATCH(Graphs!$CK267,Data!$A$4:$A$947,0),MATCH(Graphs!CS$4,Data!$P$3:$Z$3,0))="n.q.",NA(),INDEX(Data!$P$4:$Z$947,MATCH(Graphs!$CK267,Data!$A$4:$A$947,0),MATCH(Graphs!CS$4,Data!$P$3:$Z$3,0)))} -> #N/A | CT267: {=IF(INDEX(Data!$P$4:$Z$947,MATCH(Graphs!$CK267,Data!$A$4:$A$947,0),MATCH(Graphs!CT$4,Data!$P$3:$Z$3,0))="n.q.",NA(),INDEX(Data!$P$4:$Z$947,MATCH(Graphs!$CK267,Data!$A$4:$A$947,0),MATCH(Graphs!CT$4,Data!$P$3:$Z$3,0)))} -> 219.12351 | CU267: {=IF(INDEX(Data!$P$4:$Z$947,MATCH(Graphs!$CK267,Data!$A$4:$A$947,0),MATCH(Graphs!CU$4,Data!$P$3:$Z$3,0))="n.q.",NA(),INDEX(Data!$P$4:$Z$947,MATCH(Graphs!$CK267,Data!$A$4:$A$947,0),MATCH(Graphs!CU$4,Data!$P$3:$Z$3,0)))} -> #N/A | CV267: {=IF(INDEX(Data!$P$4:$Z$947,MATCH(Graphs!$CK267,Data!$A$4:$A$947,0),MATCH(Graphs!CV$4,Data!$P$3:$Z$3,0))="n.q.",NA(),INDEX(Data!$P$4:$Z$947,MATCH(Graphs!$CK267,Data!$A$4:$A$947,0),MATCH(Graphs!CV$4,Data!$P$3:$Z$3,0)))} -> #N/A
CK268: =Data!A249 -> 44251 | CL268: {=IF(INDEX(Data!$B$4:$L$947,MATCH(Graphs!$CK268,Data!$A$4:$A$947,0),MATCH(Graphs!CL$4,Data!$B$3:$L$3,0))="n.q.",NA(),INDEX(Data!$B$4:$L$947,MATCH(Graphs!$CK268,Data!$A$4:$A$947,0),MATCH(Graphs!CL$4,Data!$B$3:$L$3,0)))} -> 300.24 | CM268: {=IF(INDEX(Data!$B$4:$L$947,MATCH(Graphs!$CK268,Data!$A$4:$A$947,0),MATCH(Graphs!CM$4,Data!$B$3:$L$3,0))="n.q.",NA(),INDEX(Data!$B$4:$L$947,MATCH(Graphs!$CK268,Data!$A$4:$A$947,0),MATCH(Graphs!CM$4,Data!$B$3:$L$3,0)))} -> 297.99 | CN268: {=IF(INDEX(Data!$B$4:$L$947,MATCH(Graphs!$CK268,Data!$A$4:$A$947,0),MATCH(Graphs!CN$4,Data!$B$3:$L$3,0))="n.q.",NA(),INDEX(Data!$B$4:$L$947,MATCH(Graphs!$CK268,Data!$A$4:$A$947,0),MATCH(Graphs!CN$4,Data!$B$3:$L$3,0)))} -> 282 | CO268: {=IF(INDEX(Data!$B$4:$L$947,MATCH(Graphs!$CK268,Data!$A$4:$A$947,0),MATCH(Graphs!CO$4,Data!$B$3:$L$3,0))="n.q.",NA(),INDEX(Data!$B$4:$L$947,MATCH(Graphs!$CK268,Data!$A$4:$A$947,0),MATCH(Graphs!CO$4,Data!$B$3:$L$3,0)))} -> #N/A | CP268: {=IF(INDEX(Data!$B$4:$L$947,MATCH(Graphs!$CK268,Data!$A$4:$A$947,0),MATCH(Graphs!CP$4,Data!$B$3:$L$3,0))="n.q.",NA(),INDEX(Data!$B$4:$L$947,MATCH(Graphs!$CK268,Data!$A$4:$A$947,0),MATCH(Graphs!CP$4,Data!$B$3:$L$3,0)))} -> #N/A | CR268: {=IF(INDEX(Data!$P$4:$Z$947,MATCH(Graphs!$CK268,Data!$A$4:$A$947,0),MATCH(Graphs!CR$4,Data!$P$3:$Z$3,0))="n.q.",NA(),INDEX(Data!$P$4:$Z$947,MATCH(Graphs!$CK268,Data!$A$4:$A$947,0),MATCH(Graphs!CR$4,Data!$P$3:$Z$3,0)))} -> 209.46814 | CS268: {=IF(INDEX(Data!$P$4:$Z$947,MATCH(Graphs!$CK268,Data!$A$4:$A$947,0),MATCH(Graphs!CS$4,Data!$P$3:$Z$3,0))="n.q.",NA(),INDEX(Data!$P$4:$Z$947,MATCH(Graphs!$CK268,Data!$A$4:$A$947,0),MATCH(Graphs!CS$4,Data!$P$3:$Z$3,0)))} -> 234.01 | CT268: {=IF(INDEX(Data!$P$4:$Z$947,MATCH(Graphs!$CK268,Data!$A$4:$A$947,0),MATCH(Graphs!CT$4,Data!$P$3:$Z$3,0))="n.q.",NA(),INDEX(Data!$P$4:$Z$947,MATCH(Graphs!$CK268,Data!$A$4:$A$947,0),MATCH(Graphs!CT$4,Data!$P$3:$Z$3,0)))} -> 217.35551 | CU268: {=IF(INDEX(Data!$P$4:$Z$947,MATCH(Graphs!$CK268,Data!$A$4:$A$947,0),MATCH(Graphs!CU$4,Data!$P$3:$Z$3,0))="n.q.",NA(),INDEX(Data!$P$4:$Z$947,MATCH(Graphs!$CK268,Data!$A$4:$A$947,0),MATCH(Graphs!CU$4,Data!$P$3:$Z$3,0)))} -> #N/A | CV268: {=IF(INDEX(Data!$P$4:$Z$947,MATCH(Graphs!$CK268,Data!$A$4:$A$947,0),MATCH(Graphs!CV$4,Data!$P$3:$Z$3,0))="n.q.",NA(),INDEX(Data!$P$4:$Z$947,MATCH(Graphs!$CK268,Data!$A$4:$A$947,0),MATCH(Graphs!CV$4,Data!$P$3:$Z$3,0)))} -> #N/A
CK269: =Data!A250 -> 44244 | CL269: {=IF(INDEX(Data!$B$4:$L$947,MATCH(Graphs!$CK269,Data!$A$4:$A$947,0),MATCH(Graphs!CL$4,Data!$B$3:$L$3,0))="n.q.",NA(),INDEX(Data!$B$4:$L$947,MATCH(Graphs!$CK269,Data!$A$4:$A$947,0),MATCH(Graphs!CL$4,Data!$B$3:$L$3,0)))} -> 284.51 | CM269: {=IF(INDEX(Data!$B$4:$L$947,MATCH(Graphs!$CK269,Data!$A$4:$A$947,0),MATCH(Graphs!CM$4,Data!$B$3:$L$3,0))="n.q.",NA(),INDEX(Data!$B$4:$L$947,MATCH(Graphs!$CK269,Data!$A$4:$A$947,0),MATCH(Graphs!CM$4,Data!$B$3:$L$3,0)))} -> 286.42 | CN269: {=IF(INDEX(Data!$B$4:$L$947,MATCH(Graphs!$CK269,Data!$A$4:$A$947,0),MATCH(Graphs!CN$4,Data!$B$3:$L$3,0))="n.q.",NA(),INDEX(Data!$B$4:$L$947,MATCH(Graphs!$CK269,Data!$A$4:$A$947,0),MATCH(Graphs!CN$4,Data!$B$3:$L$3,0)))} -> 276 | CO269: {=IF(INDEX(Data!$B$4:$L$947,MATCH(Graphs!$CK269,Data!$A$4:$A$947,0),MATCH(Graphs!CO$4,Data!$B$3:$L$3,0))="n.q.",NA(),INDEX(Data!$B$4:$L$947,MATCH(Graphs!$CK269,Data!$A$4:$A$947,0),MATCH(Graphs!CO$4,Data!$B$3:$L$3,0)))} -> #N/A | CP269: {=IF(INDEX(Data!$B$4:$L$947,MATCH(Graphs!$CK269,Data!$A$4:$A$947,0),MATCH(Graphs!CP$4,Data!$B$3:$L$3,0))="n.q.",NA(),INDEX(Data!$B$4:$L$947,MATCH(Graphs!$CK269,Data!$A$4:$A$947,0),MATCH(Graphs!CP$4,Data!$B$3:$L$3,0)))} -> #N/A | CR269: {=IF(INDEX(Data!$P$4:$Z$947,MATCH(Graphs!$CK269,Data!$A$4:$A$947,0),MATCH(Graphs!CR$4,Data!$P$3:$Z$3,0))="n.q.",NA(),INDEX(Data!$P$4:$Z$947,MATCH(Graphs!$CK269,Data!$A$4:$A$947,0),MATCH(Graphs!CR$4,Data!$P$3:$Z$3,0)))} -> 208.92206 | CS269: {=IF(INDEX(Data!$P$4:$Z$947,MATCH(Graphs!$CK269,Data!$A$4:$A$947,0),MATCH(Graphs!CS$4,Data!$P$3:$Z$3,0))="n.q.",NA(),INDEX(Data!$P$4:$Z$947,MATCH(Graphs!$CK269,Data!$A$4:$A$947,0),MATCH(Graphs!CS$4,Data!$P$3:$Z$3,0)))} -> 227.76 | CT269: {=IF(INDEX(Data!$P$4:$Z$947,MATCH(Graphs!$CK269,Data!$A$4:$A$947,0),MATCH(Graphs!CT$4,Data!$P$3:$Z$3,0))="n.q.",NA(),INDEX(Data!$P$4:$Z$947,MATCH(Graphs!$CK269,Data!$A$4:$A$947,0),MATCH(Graphs!CT$4,Data!$P$3:$Z$3,0)))} -> 214.75954 | CU269: {=IF(INDEX(Data!$P$4:$Z$947,MATCH(Graphs!$CK269,Data!$A$4:$A$947,0),MATCH(Graphs!CU$4,Data!$P$3:$Z$3,0))="n.q.",NA(),INDEX(Data!$P$4:$Z$947,MATCH(Graphs!$CK269,Data!$A$4:$A$947,0),MATCH(Graphs!CU$4,Data!$P$3:$Z$3,0)))} -> #N/A | CV269: {=IF(INDEX(Data!$P$4:$Z$947,MATCH(Graphs!$CK269,Data!$A$4:$A$947,0),MATCH(Graphs!CV$4,Data!$P$3:$Z$3,0))="n.q.",NA(),INDEX(Data!$P$4:$Z$947,MATCH(Graphs!$CK269,Data!$A$4:$A$947,0),MATCH(Graphs!CV$4,Data!$P$3:$Z$3,0)))} -> #N/A
CK270: =Data!A251 -> 44237 | CL270: {=IF(INDEX(Data!$B$4:$L$947,MATCH(Graphs!$CK270,Data!$A$4:$A$947,0),MATCH(Graphs!CL$4,Data!$B$3:$L$3,0))="n.q.",NA(),INDEX(Data!$B$4:$L$947,MATCH(Graphs!$CK270,Data!$A$4:$A$947,0),MATCH(Graphs!CL$4,Data!$B$3:$L$3,0)))} -> 279.4 | CM270: {=IF(INDEX(Data!$B$4:$L$947,MATCH(Graphs!$CK270,Data!$A$4:$A$947,0),MATCH(Graphs!CM$4,Data!$B$3:$L$3,0))="n.q.",NA(),INDEX(Data!$B$4:$L$947,MATCH(Graphs!$CK270,Data!$A$4:$A$947,0),MATCH(Graphs!CM$4,Data!$B$3:$L$3,0)))} -> 284.4 | CN270: {=IF(INDEX(Data!$B$4:$L$947,MATCH(Graphs!$CK270,Data!$A$4:$A$947,0),MATCH(Graphs!CN$4,Data!$B$3:$L$3,0))="n.q.",NA(),INDEX(Data!$B$4:$L$947,MATCH(Graphs!$CK270,Data!$A$4:$A$947,0),MATCH(Graphs!CN$4,Data!$B$3:$L$3,0)))} -> 278 | CO270: {=IF(INDEX(Data!$B$4:$L$947,MATCH(Graphs!$CK270,Data!$A$4:$A$947,0),MATCH(Graphs!CO$4,Data!$B$3:$L$3,0))="n.q.",NA(),INDEX(Data!$B$4:$L$947,MATCH(Graphs!$CK270,Data!$A$4:$A$947,0),MATCH(Graphs!CO$4,Data!$B$3:$L$3,0)))} -> #N/A | CP270: {=IF(INDEX(Data!$B$4:$L$947,MATCH(Graphs!$CK270,Data!$A$4:$A$947,0),MATCH(Graphs!CP$4,Data!$B$3:$L$3,0))="n.q.",NA(),INDEX(Data!$B$4:$L$947,MATCH(Graphs!$CK270,Data!$A$4:$A$947,0),MATCH(Graphs!CP$4,Data!$B$3:$L$3,0)))} -> #N/A | CR270: {=IF(INDEX(Data!$P$4:$Z$947,MATCH(Graphs!$CK270,Data!$A$4:$A$947,0),MATCH(Graphs!CR$4,Data!$P$3:$Z$3,0))="n.q.",NA(),INDEX(Data!$P$4:$Z$947,MATCH(Graphs!$CK270,Data!$A$4:$A$947,0),MATCH(Graphs!CR$4,Data!$P$3:$Z$3,0)))} -> 201.75641 | CS270: {=IF(INDEX(Data!$P$4:$Z$947,MATCH(Graphs!$CK270,Data!$A$4:$A$947,0),MATCH(Graphs!CS$4,Data!$P$3:$Z$3,0))="n.q.",NA(),INDEX(Data!$P$4:$Z$947,MATCH(Graphs!$CK270,Data!$A$4:$A$947,0),MATCH(Graphs!CS$4,Data!$P$3:$Z$3,0)))} -> 226.51 | CT270: {=IF(INDEX(Data!$P$4:$Z$947,MATCH(Graphs!$CK270,Data!$A$4:$A$947,0),MATCH(Graphs!CT$4,Data!$P$3:$Z$3,0))="n.q.",NA(),INDEX(Data!$P$4:$Z$947,MATCH(Graphs!$CK270,Data!$A$4:$A$947,0),MATCH(Graphs!CT$4,Data!$P$3:$Z$3,0)))} -> 216.04684 | CU270: {=IF(INDEX(Data!$P$4:$Z$947,MATCH(Graphs!$CK270,Data!$A$4:$A$947,0),MATCH(Graphs!CU$4,Data!$P$3:$Z$3,0))="n.q.",NA(),INDEX(Data!$P$4:$Z$947,MATCH(Graphs!$CK270,Data!$A$4:$A$947,0),MATCH(Graphs!CU$4,Data!$P$3:$Z$3,0)))} -> #N/A | CV270: {=IF(INDEX(Data!$P$4:$Z$947,MATCH(Graphs!$CK270,Data!$A$4:$A$947,0),MATCH(Graphs!CV$4,Data!$P$3:$Z$3,0))="n.q.",NA(),INDEX(Data!$P$4:$Z$947,MATCH(Graphs!$CK270,Data!$A$4:$A$947,0),MATCH(Graphs!CV$4,Data!$P$3:$Z$3,0)))} -> #N/A
CK271: =Data!A252 -> 44230 | CL271: {=IF(INDEX(Data!$B$4:$L$947,MATCH(Graphs!$CK271,Data!$A$4:$A$947,0),MATCH(Graphs!CL$4,Data!$B$3:$L$3,0))="n.q.",NA(),INDEX(Data!$B$4:$L$947,MATCH(Graphs!$CK271,Data!$A$4:$A$947,0),MATCH(Graphs!CL$4,Data!$B$3:$L$3,0)))} -> 279.29 | CM271: {=IF(INDEX(Data!$B$4:$L$947,MATCH(Graphs!$CK271,Data!$A$4:$A$947,0),MATCH(Graphs!CM$4,Data!$B$3:$L$3,0))="n.q.",NA(),INDEX(Data!$B$4:$L$947,MATCH(Graphs!$CK271,Data!$A$4:$A$947,0),MATCH(Graphs!CM$4,Data!$B$3:$L$3,0)))} -> 290.46 | CN271: {=IF(INDEX(Data!$B$4:$L$947,MATCH(Graphs!$CK271,Data!$A$4:$A$947,0),MATCH(Graphs!CN$4,Data!$B$3:$L$3,0))="n.q.",NA(),INDEX(Data!$B$4:$L$947,MATCH(Graphs!$CK271,Data!$A$4:$A$947,0),MATCH(Graphs!CN$4,Data!$B$3:$L$3,0)))} -> 284 | CO271: {=IF(INDEX(Data!$B$4:$L$947,MATCH(Graphs!$CK271,Data!$A$4:$A$947,0),MATCH(Graphs!CO$4,Data!$B$3:$L$3,0))="n.q.",NA(),INDEX(Data!$B$4:$L$947,MATCH(Graphs!$CK271,Data!$A$4:$A$947,0),MATCH(Graphs!CO$4,Data!$B$3:$L$3,0)))} -> #N/A | CP271: {=IF(INDEX(Data!$B$4:$L$947,MATCH(Graphs!$CK271,Data!$A$4:$A$947,0),MATCH(Graphs!CP$4,Data!$B$3:$L$3,0))="n.q.",NA(),INDEX(Data!$B$4:$L$947,MATCH(Graphs!$CK271,Data!$A$4:$A$947,0),MATCH(Graphs!CP$4,Data!$B$3:$L$3,0)))} -> #N/A | CR271: {=IF(INDEX(Data!$P$4:$Z$947,MATCH(Graphs!$CK271,Data!$A$4:$A$947,0),MATCH(Graphs!CR$4,Data!$P$3:$Z$3,0))="n.q.",NA(),INDEX(Data!$P$4:$Z$947,MATCH(Graphs!$CK271,Data!$A$4:$A$947,0),MATCH(Graphs!CR$4,Data!$P$3:$Z$3,0)))} -> 210.97612 | CS271: {=IF(INDEX(Data!$P$4:$Z$947,MATCH(Graphs!$CK271,Data!$A$4:$A$947,0),MATCH(Graphs!CS$4,Data!$P$3:$Z$3,0))="n.q.",NA(),INDEX(Data!$P$4:$Z$947,MATCH(Graphs!$CK271,Data!$A$4:$A$947,0),MATCH(Graphs!CS$4,Data!$P$3:$Z$3,0)))} -> #N/A | CT271: {=IF(INDEX(Data!$P$4:$Z$947,MATCH(Graphs!$CK271,Data!$A$4:$A$947,0),MATCH(Graphs!CT$4,Data!$P$3:$Z$3,0))="n.q.",NA(),INDEX(Data!$P$4:$Z$947,MATCH(Graphs!$CK271,Data!$A$4:$A$947,0),MATCH(Graphs!CT$4,Data!$P$3:$Z$3,0)))} -> 219.68877 | CU271: {=IF(INDEX(Data!$P$4:$Z$947,MATCH(Graphs!$CK271,Data!$A$4:$A$947,0),MATCH(Graphs!CU$4,Data!$P$3:$Z$3,0))="n.q.",NA(),INDEX(Data!$P$4:$Z$947,MATCH(Graphs!$CK271,Data!$A$4:$A$947,0),MATCH(Graphs!CU$4,Data!$P$3:$Z$3,0)))} -> #N/A | CV271: {=IF(INDEX(Data!$P$4:$Z$947,MATCH(Graphs!$CK271,Data!$A$4:$A$947,0),MATCH(Graphs!CV$4,Data!$P$3:$Z$3,0))="n.q.",NA(),INDEX(Data!$P$4:$Z$947,MATCH(Graphs!$CK271,Data!$A$4:$A$947,0),MATCH(Graphs!CV$4,Data!$P$3:$Z$3,0)))} -> #N/A
... CK400: =Data!A381 -> 43327 | CL400: {=IF(INDEX(Data!$B$4:$L$947,MATCH(Graphs!$CK400,Data!$A$4:$A$947,0),MATCH(Graphs!CL$4,Data!$B$3:$L$3,0))="n.q.",NA(),INDEX(Data!$B$4:$L$947,MATCH(Graphs!$CK400,Data!$A$4:$A$947,0),MATCH(Graphs!CL$4,Data!$B$3:$L$3,0)))} -> 239.51 | CM400: {=IF(INDEX(Data!$B$4:$L$947,MATCH(Graphs!$CK400,Data!$A$4:$A$947,0),MATCH(Graphs!CM$4,Data!$B$3:$L$3,0))="n.q.",NA(),INDEX(Data!$B$4:$L$947,MATCH(Graphs!$CK400,Data!$A$4:$A$947,0),MATCH(Graphs!CM$4,Data!$B$3:$L$3,0)))} -> 246.27 | CN400: {=IF(INDEX(Data!$B$4:$L$947,MATCH(Graphs!$CK400,Data!$A$4:$A$947,0),MATCH(Graphs!CN$4,Data!$B$3:$L$3,0))="n.q.",NA(),INDEX(Data!$B$4:$L$947,MATCH(Graphs!$CK400,Data!$A$4:$A$947,0),MATCH(Graphs!CN$4,Data!$B$3:$L$3,0)))} -> 205 | CO400: {=IF(INDEX(Data!$B$4:$L$947,MATCH(Graphs!$CK400,Data!$A$4:$A$947,0),MATCH(Graphs!CO$4,Data!$B$3:$L$3,0))="n.q.",NA(),INDEX(Data!$B$4:$L$947,MATCH(Graphs!$CK400,Data!$A$4:$A$947,0),MATCH(Graphs!CO$4,Data!$B$3:$L$3,0)))} -> #N/A | CP400: {=IF(INDEX(Data!$B$4:$L$947,MATCH(Graphs!$CK400,Data!$A$4:$A$947,0),MATCH(Graphs!CP$4,Data!$B$3:$L$3,0))="n.q.",NA(),INDEX(Data!$B$4:$L$947,MATCH(Graphs!$CK400,Data!$A$4:$A$947,0),MATCH(Graphs!CP$4,Data!$B$3:$L$3,0)))} -> #N/A | CR400: {=IF(INDEX(Data!$P$4:$Z$947,MATCH(Graphs!$CK400,Data!$A$4:$A$947,0),MATCH(Graphs!CR$4,Data!$P$3:$Z$3,0))="n.q.",NA(),INDEX(Data!$P$4:$Z$947,MATCH(Graphs!$CK400,Data!$A$4:$A$947,0),MATCH(Graphs!CR$4,Data!$P$3:$Z$3,0)))} -> 151.09089 | CS400: {=IF(INDEX(Data!$P$4:$Z$947,MATCH(Graphs!$CK400,Data!$A$4:$A$947,0),MATCH(Graphs!CS$4,Data!$P$3:$Z$3,0))="n.q.",NA(),INDEX(Data!$P$4:$Z$947,MATCH(Graphs!$CK400,Data!$A$4:$A$947,0),MATCH(Graphs!CS$4,Data!$P$3:$Z$3,0)))} -> #N/A | CT400: {=IF(INDEX(Data!$P$4:$Z$947,MATCH(Graphs!$CK400,Data!$A$4:$A$947,0),MATCH(Graphs!CT$4,Data!$P$3:$Z$3,0))="n.q.",NA(),INDEX(Data!$P$4:$Z$947,MATCH(Graphs!$CK400,Data!$A$4:$A$947,0),MATCH(Graphs!CT$4,Data!$P$3:$Z$3,0)))} -> 168.71301 | CU400: {=IF(INDEX(Data!$P$4:$Z$947,MATCH(Graphs!$CK400,Data!$A$4:$A$947,0),MATCH(Graphs!CU$4,Data!$P$3:$Z$3,0))="n.q.",NA(),INDEX(Data!$P$4:$Z$947,MATCH(Graphs!$CK400,Data!$A$4:$A$947,0),MATCH(Graphs!CU$4,Data!$P$3:$Z$3,0)))} -> #N/A | CV400: {=IF(INDEX(Data!$P$4:$Z$947,MATCH(Graphs!$CK400,Data!$A$4:$A$947,0),MATCH(Graphs!CV$4,Data!$P$3:$Z$3,0))="n.q.",NA(),INDEX(Data!$P$4:$Z$947,MATCH(Graphs!$CK400,Data!$A$4:$A$947,0),MATCH(Graphs!CV$4,Data!$P$3:$Z$3,0)))} -> #N/A

Sheet Data
B2: Wheat prices - $/ton | H2: Maize prices - $/ton | K2: Barley prices - $/ton | P2: Wheat prices - €/ton | V2: Maize prices - €/ton | Y2: Barley - €/ton
A3: Wednesday | B3: Wheat - US Gulf (SRW) | C3: Wheat - EU Rouen (grade 1) | D3: Wheat - Ukraine (milling) | E3: Wheat - US Gulf (HRW) | F3: Durum wheat - CA St Lawrence (CWAD) | G3: Durum wheat - EU Port-la-Nouvelle | H3: Maize - US Gulf (3YC) | I3: Maize - Black Sea (feed) | J3: Maize - EU Bordeaux | K3: Barley - Black Sea (feed) | L3: Barley - EU Rouen (feed) | N3: Exchange rate: Spot, ECB reference - U.S. Dollar/Euro | P3: Wheat - US Gulf (SRW) | Q3: Wheat - EU Rouen (grade 1) | R3: Wheat - Ukraine (milling) | S3: Wheat - US Gulf (HRW) | T3: Durum wheat - CA St Lawrence (CWAD) | U3: Durum wheat - EU Port-la-Nouvelle | V3: Maize - US Gulf (3YC) | W3: Maize - Black Sea (feed) | X3: Maize - EU Bordeaux | Y3: Barley - Black Sea (feed) | Z3: Barley - EU Rouen (feed)
A4: 45966 | B4: 246.09 | C4: 231.41 | D4: 220 | E4: 249.86 | F4: 290 | G4: n.q. | H4: 209.93 | I4: 218 | J4: n.q. | K4: 233 | L4: 229.11 | N4: 1.1492 | P4: 212.38457 | Q4: 199.7152 | R4: 189.86796 | S4: 215.63822 | T4: 250.28049 | U4: n.q. | V4: 181.17718 | W4: 188.14188 | X4: n.q. | Y4: 201.08743 | Z4: 197.73021
A5: 45959 | B5: 237.82 | C5: 230.31 | D5: 219 | E5: 241.68 | F5: 290 | G5: n.q. | H5: 207.47 | I5: 215 | J5: n.q. | K5: 228 | L5: 227.98 | N5: 1.1636 | P5: 204.62915 | Q5: 198.16727 | R5: 188.43573 | S5: 207.95044 | T5: 249.52676 | U5: n.q. | V5: 178.51489 | W5: 184.99398 | X5: n.q. | Y5: 196.17966 | Z5: 196.16245
A6: 45952 | B6: 227.35 | C6: 227.1 | D6: 219 | E6: 227.26 | F6: 280 | G6: n.q. | H6: 201.57 | I6: 213 | J6: n.q. | K6: 226 | L6: 220.13 | N6: 1.1587 | P6: n.q. | Q6: n.q. | R6: n.q. | S6: n.q. | T6: n.q. | U6: n.q. | V6: n.q. | W6: n.q. | X6: n.q. | Y6: n.q. | Z6: n.q.
A7: 45945 | B7: 220 | C7: 226.42 | D7: 219 | E7: 227.17 | F7: 280 | G7: n.q. | H7: 199.89 | I7: 214 | J7: n.q. | K7: 224 | L7: 220.61 | N7: 1.1622 | P7: n.q. | Q7: n.q. | R7: n.q. | S7: n.q. | T7: n.q. | U7: n.q. | V7: n.q. | W7: n.q. | X7: n.q. | Y7: n.q. | Z7: n.q.
A8: 45938 | B8: 223.13 | C8: 224.68 | D8: 217 | E8: 229.01 | F8: 280 | G8: n.q. | H8: 201.96 | I8: 214 | J8: n.q. | K8: 224 | L8: 217.72 | N8: 1.1627 | P8: 191.90677 | Q8: 193.23987 | R8: 186.63456 | S8: 196.96396 | T8: 240.81878 | U8: n.q. | V8: 173.69915 | W8: 184.05436 | X8: n.q. | Y8: 192.65503 | Z8: 187.25381
A9: 45931 | B9: 220.19 | C9: 225.77 | D9: 216 | E9: 227.99 | F9: 270 | G9: n.q. | H9: 200.97 | I9: 214 | J9: n.q. | K9: 224 | L9: 219.33 | N9: 1.1724 | P9: 187.81133 | Q9: 192.57079 | R9: 184.23746 | S9: 194.46435 | T9: 230.29683 | U9: n.q. | V9: 171.4176 | W9: 182.53156 | X9: n.q. | Y9: 191.06107 | Z9: 187.07779
A10: 45924 | B10: 227.63 | C10: 229.72 | D10: 216 | E10: 233.97 | F10: 280 | G10: n.q. | H10: 204.81 | I10: 220 | J10: n.q. | K10: 223 | L10: 221.51 | N10: 1.1756 | P10: 193.62879 | Q10: 195.4066 | R10: 183.73596 | S10: 199.02178 | T10: 238.17625 | U10: n.q. | V10: 174.21742 | W10: 187.13848 | X10: n.q. | Y10: 189.69037 | Z10: 188.42293
A11: 45917 | B11: 230.84 | C11: 232.33 | D11: 217 | E11: 237.46 | F11: 290 | G11: n.q. | H11: 207.37 | I11: 218 | J11: n.q. | K11: 226 | L11: 225.82 | N11: 1.1837 | P11: 195.01563 | Q11: 196.27439 | R11: 183.32348 | S11: 200.60826 | T11: 244.99451 | U11: n.q. | V11: 175.18797 | W11: 184.16829 | X11: n.q. | Y11: 190.92676 | Z11: 190.77469
A12: 45910 | B12: 225.97 | C12: 224.51 | D12: 215 | E12: 234.06 | F12: 300 | G12: n.q. | H12: 202.35 | I12: 216 | J12: n.q. | K12: 227 | L12: 221 | N12: 1.1707 | P12: 193.02127 | Q12: 191.77415 | R12: 183.65081 | S12: 199.93166 | T12: 256.25694 | U12: n.q. | V12: 172.84531 | W12: 184.505 | X12: n.q. | Y12: 193.90108 | Z12: 188.77595
A13: 45903 | B13: 221.93 | C13: 224.93 | D13: 211 | E13: 226.98 | F13: 300 | G13: n.q. | H13: 207.47 | I13: 230 | J13: n.q. | K13: 228 | L13: 221.43 | N13: 1.1653 | P13: 190.44881 | Q13: 193.02326 | R13: 181.06925 | S13: 194.78246 | T13: 257.44443 | U13: n.q. | V13: 178.03999 | W13: 197.37407 | X13: n.q. | Y13: 195.65777 | Z13: 190.01974
A14: 45896 | B14: 219.45 | C14: 230.15 | D14: 213 | E14: 226.16 | F14: 315 | G14: n.q. | H14: 202.16 | I14: 243 | J14: n.q. | K14: 223 | L14: 221.44 | N14: 1.1593 | P14: 189.29526 | Q14: 198.52497 | R14: 183.73156 | S14: 195.08324 | T14: 271.71569 | U14: n.q. | V14: 174.38109 | W14: 209.60925 | X14: n.q. | Y14: 192.35746 | Z14: 191.01182
A15: 45889 | B15: 218.81 | C15: 232.63 | D15: 215 | E15: 231.76 | F15: 315 | G15: 336.04979 | H15: 201.17 | I15: 243 | J15: n.q. | K15: 222 | L15: 224.47 | N15: 1.1651 | P15: 187.80362 | Q15: 199.66526 | R15: 184.53352 | S15: 198.91855 | T15: 270.36306 | U15: 288.43 | V15: 172.66329 | W15: 208.56579 | X15: n.q. | Y15: 190.54158 | Z15: 192.66157
A16: 45882 | B16: 217.61 | C16: 237.46 | D16: 222 | E16: 230.29 | F16: 315 | G16: 328.99712 | H16: 197.63 | I16: 244 | J16: n.q. | K16: 224 | L16: 221.06 | N16: 1.1711 | P16: 185.81675 | Q16: 202.76663 | R16: 189.56537 | S16: 196.64418 | T16: 268.97788 | U16: 280.93 | V16: 168.75587 | W16: 208.35112 | X16: n.q. | Y16: 191.27316 | Z16: 188.7627
A17: 45875 | B17: 214.4 | C17: 233.77 | D17: 224 | E17: 230.2 | F17: 310 | G17: n.q. | H17: 194.77 | I17: 245 | J17: n.q. | K17: 221 | L17: 219.79 | N17: 1.1604 | P17: 184.76387 | Q17: 201.45639 | R17: 193.03688 | S17: 198.37987 | T17: 267.14926 | U17: n.q. | V17: 167.84729 | W17: 211.13409 | X17: n.q. | Y17: 190.45157 | Z17: 189.40882
A18: 45868 | B18: 216.33 | C18: 232.49 | D18: 225 | E18: 234.06 | F18: 315 | G18: 316.9925 | H18: 196.35 | I18: 243 | J18: n.q. | K18: 220 | L18: 216.44 | N18: 1.1527 | P18: 187.67242 | Q18: 201.69168 | R18: 195.19389 | S18: 203.0537 | T18: 273.27145 | U18: 275 | V18: 170.3392 | W18: 210.8094 | X18: n.q. | Y18: 190.85625 | Z18: 187.76785
A19: 45861 | B19: 218.81 | C19: 237.03 | D19: 225 | E19: 232.77 | F19: 320 | G19: n.q. | H19: 200.19 | I19: 246 | J19: n.q. | K19: 215 | L19: 226.46 | N19: 1.1726 | P19: 186.60242 | Q19: 202.14054 | R19: 191.88129 | S19: 198.50759 | T19: 272.89783 | U19: n.q. | V19: 170.72318 | W19: 209.79021 | X19: n.q. | Y19: 183.35323 | Z19: 193.12639
A20: 45854 | B20: 219.08 | C20: 231.16 | D20: 217 | E20: 232.5 | F20: 320 | G20: n.q. | H20: 202.84 | I20: 239 | J20: n.q. | K20: 208 | L20: 220.7 | N20: 1.1602 | P20: 188.82951 | Q20: 199.24151 | R20: 187.03672 | S20: 200.39648 | T20: 275.81451 | U20: n.q. | V20: 174.83193 | W20: 205.99897 | X20: n.q. | Y20: 179.27943 | Z20: 190.22582
A21: 45847 | B21: 221.2 | C21: 231.52 | D21: 213 | E21: 232.96 | F21: 320 | G21: n.q. | H21: 194.18 | I21: 232 | J21: n.q. | K21: 200 | L21: 219.82 | N21: 1.1698 | P21: 189.09215 | Q21: 197.91417 | R21: 182.08241 | S21: 199.14515 | T21: 273.55103 | U21: n.q. | V21: 165.99419 | W21: 198.3245 | X21: n.q. | Y21: 170.9694 | Z21: 187.91246
A22: 45840 | B22: 227.44 | C22: 230.83 | D22: 212 | E22: 241.5 | F22: 320 | G22: n.q. | H22: 200.78 | I22: 237 | J22: n.q. | K22: 196 | L22: 216.68 | N22: 1.1755 | P22: 193.48362 | Q22: 196.3675 | R22: 180.34879 | S22: 205.44449 | T22: 272.22459 | U22: n.q. | V22: 170.80391 | W22: 201.61633 | X22: n.q. | Y22: 166.73756 | Z22: 184.33007
A23: 45833 | B23: 217.98 | C23: 227.5 | D23: 211 | E23: 234.88 | F23: 320 | G23: n.q. | H23: 192.22 | I23: 234 | J23: n.q. | K23: 195 | L23: 215.88 | N23: 1.1598 | P23: 187.9462 | Q23: 196.15451 | R23: 181.92792 | S23: 202.51768 | T23: 275.90964 | U23: n.q. | V23: 165.73547 | W23: 201.75892 | X23: n.q. | Y23: 168.13244 | Z23: 186.13554
A24: 45826 | B24: 236.72 | C24: 235.93 | D24: 209 | E24: 252.15 | F24: 320 | G24: n.q. | H24: 200.19 | I24: 232 | J24: n.q. | K24: 200 | L24: 222.11 | N24: 1.1508 | P24: 205.70038 | Q24: 205.0139 | R24: 181.61279 | S24: 219.10845 | T24: 278.06743 | U24: n.q. | V24: 173.95725 | W24: 201.59889 | X24: n.q. | Y24: 173.79214 | Z24: 193.00487
A25: 45819 | B25: 222.02 | C25: 227.52 | D25: 212 | E25: 235.62 | F25: 320 | G25: n.q. | H25: 201.57 | I25: 238 | J25: n.q. | K25: 196 | L25: 221.77 | N25: 1.1433 | P25: 194.19225 | Q25: 199.00289 | R25: 185.42815 | S25: 206.08764 | T25: 279.89154 | U25: n.q. | V25: 176.30543 | W25: 208.16933 | X25: n.q. | Y25: 171.43357 | Z25: 193.97359
A26: 45812 | B26: 225.33 | C26: 228.49 | D26: 212 | E26: 240.85 | F26: 320 | G26: n.q. | H26: 203.44 | I26: 239 | J26: n.q. | K26: 203 | L26: 223.93 | N26: 1.1384 | P26: 197.9357 | Q26: 200.71152 | R26: 186.22628 | S26: 211.56887 | T26: 281.09628 | U26: n.q. | V26: 178.70696 | W26: 209.94378 | X26: n.q. | Y26: 178.32045 | Z26: 196.7059
A27: 45805 | B27: 220.55 | C27: 229.18 | D27: 225 | E27: 235.25 | F27: 320 | G27: n.q. | H27: 208.26 | I27: 238 | J27: n.q. | K27: 201 | L27: 221.28 | N27: 1.1317 | P27: 194.8838 | Q27: 202.5095 | R27: 198.81594 | S27: 207.87311 | T27: 282.76045 | U27: n.q. | V27: 184.02403 | W27: 210.30308 | X27: n.q. | Y27: 177.60891 | Z27: 195.52885
A28: 45798 | B28: 227.54 | C28: 243.97 | D28: 235 | E28: 242.69 | F28: 320 | G28: n.q. | H28: 212.19 | I28: 242 | J28: n.q. | K28: 217 | L28: 232.62 | N28: 1.1321 | P28: 200.98931 | Q28: 215.50216 | R28: 207.57884 | S28: 214.37152 | T28: 282.66054 | U28: n.q. | V28: 187.43044 | W28: 213.76204 | X28: n.q. | Y28: 191.67918 | Z28: 205.47655
A29: 45791 | B29: 218.53 | C29: 230.37 | D29: 232 | E29: 234.42 | F29: 320 | G29: n.q. | H29: 205.7 | I29: 243 | J29: n.q. | K29: 213 | L29: 219.73 | N29: 1.1214 | P29: 194.87248 | Q29: 205.43071 | R29: 206.88425 | S29: 209.04227 | T29: 285.35759 | U29: n.q. | V29: 183.43143 | W29: 216.69342 | X29: n.q. | Y29: 189.94114 | Z29: 195.94257
A30: 45784 | B30: 222.02 | C30: 233.86 | D30: 234 | E30: 238.65 | F30: 315 | G30: n.q. | H30: 207.57 | I30: 248 | J30: n.q. | K30: 218 | L30: 219.11 | N30: 1.136 | P30: 195.44014 | Q30: 205.86268 | R30: 205.98592 | S30: 210.07923 | T30: 277.28873 | U30: n.q. | V30: 182.72007 | W30: 218.30986 | X30: n.q. | Y30: 191.90141 | Z30: 192.87852
